MapDate,FIPS,County,State,None,D0,D1,D2,D3,D4,ValidStart,ValidEnd,StatisticFormatID
20210413,06113,Yolo County,CA,0.00,100.00,100.00,100.00,100.00,0.00,2021-04-13,2021-04-19,1
20210406,06113,Yolo County,CA,0.00,100.00,100.00,100.00,100.00,0.00,2021-04-06,2021-04-12,1
20210330,06113,Yolo County,CA,0.00,100.00,100.00,100.00,100.00,0.00,2021-03-30,2021-04-05,1
20210323,06113,Yolo County,CA,0.00,100.00,100.00,100.00,100.00,0.00,2021-03-23,2021-03-29,1
20210316,06113,Yolo County,CA,0.00,100.00,100.00,100.00,100.00,0.00,2021-03-16,2021-03-22,1
20210309,06113,Yolo County,CA,0.00,100.00,100.00,100.00,100.00,0.00,2021-03-09,2021-03-15,1
20210302,06113,Yolo County,CA,0.00,100.00,100.00,100.00,100.00,0.00,2021-03-02,2021-03-08,1
20210223,06113,Yolo County,CA,0.00,100.00,100.00,100.00,100.00,0.00,2021-02-23,2021-03-01,1
20210216,06113,Yolo County,CA,0.00,100.00,100.00,100.00,100.00,0.00,2021-02-16,2021-02-22,1
20210209,06113,Yolo County,CA,0.00,100.00,100.00,100.00,100.00,0.00,2021-02-09,2021-02-15,1
20210202,06113,Yolo County,CA,0.00,100.00,100.00,100.00,100.00,0.00,2021-02-02,2021-02-08,1
20210126,06113,Yolo County,CA,0.00,100.00,100.00,100.00,100.00,0.00,2021-01-26,2021-02-01,1
20210119,06113,Yolo County,CA,0.00,100.00,100.00,100.00,100.00,0.00,2021-01-19,2021-01-25,1
20210112,06113,Yolo County,CA,0.00,100.00,100.00,100.00,100.00,0.00,2021-01-12,2021-01-18,1
20210105,06113,Yolo County,CA,0.00,100.00,100.00,100.00,100.00,0.00,2021-01-05,2021-01-11,1
20201229,06113,Yolo County,CA,0.00,100.00,100.00,100.00,100.00,0.00,2020-12-29,2021-01-04,1
20201222,06113,Yolo County,CA,0.00,100.00,100.00,100.00,100.00,0.00,2020-12-22,2020-12-28,1
20201215,06113,Yolo County,CA,0.00,100.00,100.00,100.00,100.00,0.00,2020-12-15,2020-12-21,1
20201208,06113,Yolo County,CA,0.00,100.00,100.00,100.00,100.00,0.00,2020-12-08,2020-12-14,1
20201201,06113,Yolo County,CA,0.00,100.00,100.00,100.00,100.00,0.00,2020-12-01,2020-12-07,1
20201124,06113,Yolo County,CA,0.00,100.00,100.00,100.00,100.00,0.00,2020-11-24,2020-11-30,1
20201117,06113,Yolo County,CA,0.00,100.00,100.00,100.00,100.00,0.00,2020-11-17,2020-11-23,1
20201110,06113,Yolo County,CA,0.00,100.00,100.00,100.00,100.00,0.00,2020-11-10,2020-11-16,1
20201103,06113,Yolo County,CA,0.00,100.00,100.00,100.00,100.00,0.00,2020-11-03,2020-11-09,1
20201027,06113,Yolo County,CA,0.00,100.00,100.00,100.00,100.00,0.00,2020-10-27,2020-11-02,1
20201020,06113,Yolo County,CA,0.00,100.00,100.00,100.00,100.00,0.00,2020-10-20,2020-10-26,1
20201013,06113,Yolo County,CA,0.00,100.00,100.00,100.00,100.00,0.00,2020-10-13,2020-10-19,1
20201006,06113,Yolo County,CA,0.00,100.00,100.00,100.00,100.00,0.00,2020-10-06,2020-10-12,1
20200929,06113,Yolo County,CA,0.00,100.00,100.00,100.00,100.00,0.00,2020-09-29,2020-10-05,1
20200922,06113,Yolo County,CA,0.00,100.00,100.00,100.00,0.00,0.00,2020-09-22,2020-09-28,1
20200915,06113,Yolo County,CA,0.00,100.00,100.00,100.00,0.00,0.00,2020-09-15,2020-09-21,1
20200908,06113,Yolo County,CA,0.00,100.00,100.00,100.00,0.00,0.00,2020-09-08,2020-09-14,1
20200901,06113,Yolo County,CA,0.00,100.00,100.00,100.00,0.00,0.00,2020-09-01,2020-09-07,1
20200825,06113,Yolo County,CA,0.00,100.00,100.00,100.00,0.00,0.00,2020-08-25,2020-08-31,1
20200818,06113,Yolo County,CA,0.00,100.00,100.00,100.00,0.00,0.00,2020-08-18,2020-08-24,1
20200811,06113,Yolo County,CA,0.00,100.00,100.00,100.00,0.00,0.00,2020-08-11,2020-08-17,1
20200804,06113,Yolo County,CA,0.00,100.00,100.00,100.00,0.00,0.00,2020-08-04,2020-08-10,1
20200728,06113,Yolo County,CA,0.00,100.00,100.00,100.00,0.00,0.00,2020-07-28,2020-08-03,1
20200721,06113,Yolo County,CA,0.00,100.00,100.00,100.00,0.00,0.00,2020-07-21,2020-07-27,1
20200714,06113,Yolo County,CA,0.00,100.00,100.00,100.00,0.00,0.00,2020-07-14,2020-07-20,1
20200707,06113,Yolo County,CA,0.00,100.00,100.00,100.00,0.00,0.00,2020-07-07,2020-07-13,1
20200630,06113,Yolo County,CA,0.00,100.00,100.00,100.00,0.00,0.00,2020-06-30,2020-07-06,1
20200623,06113,Yolo County,CA,0.00,100.00,100.00,100.00,0.00,0.00,2020-06-23,2020-06-29,1
20200616,06113,Yolo County,CA,0.00,100.00,100.00,100.00,0.00,0.00,2020-06-16,2020-06-22,1
20200609,06113,Yolo County,CA,0.00,100.00,100.00,100.00,0.00,0.00,2020-06-09,2020-06-15,1
20200602,06113,Yolo County,CA,0.00,100.00,100.00,100.00,0.00,0.00,2020-06-02,2020-06-08,1
20200526,06113,Yolo County,CA,0.00,100.00,100.00,100.00,0.00,0.00,2020-05-26,2020-06-01,1
20200519,06113,Yolo County,CA,0.00,100.00,100.00,100.00,0.00,0.00,2020-05-19,2020-05-25,1
20200512,06113,Yolo County,CA,0.00,100.00,100.00,100.00,0.00,0.00,2020-05-12,2020-05-18,1
20200505,06113,Yolo County,CA,0.00,100.00,100.00,100.00,0.00,0.00,2020-05-05,2020-05-11,1
20200428,06113,Yolo County,CA,0.00,100.00,100.00,100.00,0.00,0.00,2020-04-28,2020-05-04,1
20200421,06113,Yolo County,CA,0.00,100.00,100.00,100.00,0.00,0.00,2020-04-21,2020-04-27,1
20200414,06113,Yolo County,CA,0.00,100.00,100.00,0.00,0.00,0.00,2020-04-14,2020-04-20,1
20200407,06113,Yolo County,CA,0.00,100.00,100.00,0.00,0.00,0.00,2020-04-07,2020-04-13,1
20200331,06113,Yolo County,CA,0.00,100.00,100.00,0.00,0.00,0.00,2020-03-31,2020-04-06,1
20200324,06113,Yolo County,CA,0.00,100.00,100.00,0.00,0.00,0.00,2020-03-24,2020-03-30,1
20200317,06113,Yolo County,CA,0.00,100.00,56.46,0.00,0.00,0.00,2020-03-17,2020-03-23,1
20200310,06113,Yolo County,CA,0.00,100.00,56.46,0.00,0.00,0.00,2020-03-10,2020-03-16,1
20200303,06113,Yolo County,CA,0.00,100.00,9.20,0.00,0.00,0.00,2020-03-03,2020-03-09,1
20200225,06113,Yolo County,CA,0.00,100.00,9.20,0.00,0.00,0.00,2020-02-25,2020-03-02,1
20200218,06113,Yolo County,CA,0.00,100.00,0.00,0.00,0.00,0.00,2020-02-18,2020-02-24,1
20200211,06113,Yolo County,CA,0.30,99.70,0.00,0.00,0.00,0.00,2020-02-11,2020-02-17,1
20200204,06113,Yolo County,CA,1.13,98.87,0.00,0.00,0.00,0.00,2020-02-04,2020-02-10,1
20200128,06113,Yolo County,CA,1.13,98.87,0.00,0.00,0.00,0.00,2020-01-28,2020-02-03,1
20200121,06113,Yolo County,CA,100.00,0.00,0.00,0.00,0.00,0.00,2020-01-21,2020-01-27,1
20200114,06113,Yolo County,CA,100.00,0.00,0.00,0.00,0.00,0.00,2020-01-14,2020-01-20,1
20200107,06113,Yolo County,CA,100.00,0.00,0.00,0.00,0.00,0.00,2020-01-07,2020-01-13,1
20191231,06113,Yolo County,CA,100.00,0.00,0.00,0.00,0.00,0.00,2019-12-31,2020-01-06,1
20191224,06113,Yolo County,CA,100.00,0.00,0.00,0.00,0.00,0.00,2019-12-24,2019-12-30,1
20191217,06113,Yolo County,CA,100.00,0.00,0.00,0.00,0.00,0.00,2019-12-17,2019-12-23,1
20191210,06113,Yolo County,CA,100.00,0.00,0.00,0.00,0.00,0.00,2019-12-10,2019-12-16,1
20191203,06113,Yolo County,CA,0.00,100.00,0.00,0.00,0.00,0.00,2019-12-03,2019-12-09,1
20191126,06113,Yolo County,CA,0.00,100.00,0.00,0.00,0.00,0.00,2019-11-26,2019-12-02,1
20191119,06113,Yolo County,CA,0.00,100.00,0.00,0.00,0.00,0.00,2019-11-19,2019-11-25,1
20191112,06113,Yolo County,CA,0.00,100.00,0.00,0.00,0.00,0.00,2019-11-12,2019-11-18,1
20191105,06113,Yolo County,CA,100.00,0.00,0.00,0.00,0.00,0.00,2019-11-05,2019-11-11,1
20191029,06113,Yolo County,CA,100.00,0.00,0.00,0.00,0.00,0.00,2019-10-29,2019-11-04,1
20191022,06113,Yolo County,CA,100.00,0.00,0.00,0.00,0.00,0.00,2019-10-22,2019-10-28,1
20191015,06113,Yolo County,CA,100.00,0.00,0.00,0.00,0.00,0.00,2019-10-15,2019-10-21,1
20191008,06113,Yolo County,CA,100.00,0.00,0.00,0.00,0.00,0.00,2019-10-08,2019-10-14,1
20191001,06113,Yolo County,CA,100.00,0.00,0.00,0.00,0.00,0.00,2019-10-01,2019-10-07,1
20190924,06113,Yolo County,CA,100.00,0.00,0.00,0.00,0.00,0.00,2019-09-24,2019-09-30,1
20190917,06113,Yolo County,CA,100.00,0.00,0.00,0.00,0.00,0.00,2019-09-17,2019-09-23,1
20190910,06113,Yolo County,CA,100.00,0.00,0.00,0.00,0.00,0.00,2019-09-10,2019-09-16,1
20190903,06113,Yolo County,CA,100.00,0.00,0.00,0.00,0.00,0.00,2019-09-03,2019-09-09,1
20190827,06113,Yolo County,CA,100.00,0.00,0.00,0.00,0.00,0.00,2019-08-27,2019-09-02,1
20190820,06113,Yolo County,CA,100.00,0.00,0.00,0.00,0.00,0.00,2019-08-20,2019-08-26,1
20190813,06113,Yolo County,CA,100.00,0.00,0.00,0.00,0.00,0.00,2019-08-13,2019-08-19,1
20190806,06113,Yolo County,CA,100.00,0.00,0.00,0.00,0.00,0.00,2019-08-06,2019-08-12,1
20190730,06113,Yolo County,CA,100.00,0.00,0.00,0.00,0.00,0.00,2019-07-30,2019-08-05,1
20190723,06113,Yolo County,CA,100.00,0.00,0.00,0.00,0.00,0.00,2019-07-23,2019-07-29,1
20190716,06113,Yolo County,CA,100.00,0.00,0.00,0.00,0.00,0.00,2019-07-16,2019-07-22,1
20190709,06113,Yolo County,CA,100.00,0.00,0.00,0.00,0.00,0.00,2019-07-09,2019-07-15,1
20190702,06113,Yolo County,CA,100.00,0.00,0.00,0.00,0.00,0.00,2019-07-02,2019-07-08,1
20190625,06113,Yolo County,CA,100.00,0.00,0.00,0.00,0.00,0.00,2019-06-25,2019-07-01,1
20190618,06113,Yolo County,CA,100.00,0.00,0.00,0.00,0.00,0.00,2019-06-18,2019-06-24,1
20190611,06113,Yolo County,CA,100.00,0.00,0.00,0.00,0.00,0.00,2019-06-11,2019-06-17,1
20190604,06113,Yolo County,CA,100.00,0.00,0.00,0.00,0.00,0.00,2019-06-04,2019-06-10,1
20190528,06113,Yolo County,CA,100.00,0.00,0.00,0.00,0.00,0.00,2019-05-28,2019-06-03,1
20190521,06113,Yolo County,CA,100.00,0.00,0.00,0.00,0.00,0.00,2019-05-21,2019-05-27,1
20190514,06113,Yolo County,CA,100.00,0.00,0.00,0.00,0.00,0.00,2019-05-14,2019-05-20,1
20190507,06113,Yolo County,CA,100.00,0.00,0.00,0.00,0.00,0.00,2019-05-07,2019-05-13,1
20190430,06113,Yolo County,CA,100.00,0.00,0.00,0.00,0.00,0.00,2019-04-30,2019-05-06,1
20190423,06113,Yolo County,CA,100.00,0.00,0.00,0.00,0.00,0.00,2019-04-23,2019-04-29,1
20190416,06113,Yolo County,CA,100.00,0.00,0.00,0.00,0.00,0.00,2019-04-16,2019-04-22,1
20190409,06113,Yolo County,CA,100.00,0.00,0.00,0.00,0.00,0.00,2019-04-09,2019-04-15,1
20190402,06113,Yolo County,CA,100.00,0.00,0.00,0.00,0.00,0.00,2019-04-02,2019-04-08,1
20190326,06113,Yolo County,CA,100.00,0.00,0.00,0.00,0.00,0.00,2019-03-26,2019-04-01,1
20190319,06113,Yolo County,CA,100.00,0.00,0.00,0.00,0.00,0.00,2019-03-19,2019-03-25,1
20190312,06113,Yolo County,CA,100.00,0.00,0.00,0.00,0.00,0.00,2019-03-12,2019-03-18,1
20190305,06113,Yolo County,CA,100.00,0.00,0.00,0.00,0.00,0.00,2019-03-05,2019-03-11,1
20190226,06113,Yolo County,CA,100.00,0.00,0.00,0.00,0.00,0.00,2019-02-26,2019-03-04,1
20190219,06113,Yolo County,CA,100.00,0.00,0.00,0.00,0.00,0.00,2019-02-19,2019-02-25,1
20190212,06113,Yolo County,CA,100.00,0.00,0.00,0.00,0.00,0.00,2019-02-12,2019-02-18,1
20190205,06113,Yolo County,CA,100.00,0.00,0.00,0.00,0.00,0.00,2019-02-05,2019-02-11,1
20190129,06113,Yolo County,CA,71.94,28.06,0.00,0.00,0.00,0.00,2019-01-29,2019-02-04,1
20190122,06113,Yolo County,CA,0.00,100.00,31.87,0.00,0.00,0.00,2019-01-22,2019-01-28,1
20190115,06113,Yolo County,CA,0.00,100.00,31.87,0.00,0.00,0.00,2019-01-15,2019-01-21,1
20190108,06113,Yolo County,CA,0.00,100.00,31.87,0.00,0.00,0.00,2019-01-08,2019-01-14,1
20190101,06113,Yolo County,CA,0.00,100.00,31.87,0.00,0.00,0.00,2019-01-01,2019-01-07,1
20181225,06113,Yolo County,CA,0.00,100.00,31.87,0.00,0.00,0.00,2018-12-25,2018-12-31,1
20181218,06113,Yolo County,CA,0.00,100.00,31.87,0.00,0.00,0.00,2018-12-18,2018-12-24,1
20181211,06113,Yolo County,CA,0.00,100.00,31.87,0.00,0.00,0.00,2018-12-11,2018-12-17,1
20181204,06113,Yolo County,CA,0.00,100.00,100.00,0.00,0.00,0.00,2018-12-04,2018-12-10,1
20181127,06113,Yolo County,CA,0.00,100.00,100.00,0.00,0.00,0.00,2018-11-27,2018-12-03,1
20181120,06113,Yolo County,CA,0.00,100.00,100.00,0.00,0.00,0.00,2018-11-20,2018-11-26,1
20181113,06113,Yolo County,CA,0.00,100.00,57.36,0.00,0.00,0.00,2018-11-13,2018-11-19,1
20181106,06113,Yolo County,CA,0.00,100.00,57.32,0.00,0.00,0.00,2018-11-06,2018-11-12,1
20181030,06113,Yolo County,CA,6.91,93.09,56.82,0.00,0.00,0.00,2018-10-30,2018-11-05,1
20181023,06113,Yolo County,CA,6.91,93.09,56.82,0.00,0.00,0.00,2018-10-23,2018-10-29,1
20181016,06113,Yolo County,CA,6.91,93.09,56.82,0.00,0.00,0.00,2018-10-16,2018-10-22,1
20181009,06113,Yolo County,CA,6.91,93.09,56.82,0.00,0.00,0.00,2018-10-09,2018-10-15,1
20181002,06113,Yolo County,CA,6.91,93.09,56.82,0.00,0.00,0.00,2018-10-02,2018-10-08,1
20180925,06113,Yolo County,CA,6.91,93.09,56.82,0.00,0.00,0.00,2018-09-25,2018-10-01,1
20180918,06113,Yolo County,CA,6.91,93.09,56.82,0.00,0.00,0.00,2018-09-18,2018-09-24,1
20180911,06113,Yolo County,CA,6.91,93.09,56.82,0.00,0.00,0.00,2018-09-11,2018-09-17,1
20180904,06113,Yolo County,CA,6.91,93.09,56.82,0.00,0.00,0.00,2018-09-04,2018-09-10,1
20180828,06113,Yolo County,CA,6.91,93.09,56.82,0.00,0.00,0.00,2018-08-28,2018-09-03,1
20180821,06113,Yolo County,CA,6.91,93.09,56.82,0.00,0.00,0.00,2018-08-21,2018-08-27,1
20180814,06113,Yolo County,CA,7.78,92.22,56.82,0.00,0.00,0.00,2018-08-14,2018-08-20,1
20180807,06113,Yolo County,CA,7.78,92.22,56.83,0.00,0.00,0.00,2018-08-07,2018-08-13,1
20180731,06113,Yolo County,CA,7.78,92.22,56.83,0.00,0.00,0.00,2018-07-31,2018-08-06,1
20180724,06113,Yolo County,CA,7.25,92.75,57.78,0.00,0.00,0.00,2018-07-24,2018-07-30,1
20180717,06113,Yolo County,CA,7.25,92.75,57.78,0.00,0.00,0.00,2018-07-17,2018-07-23,1
20180710,06113,Yolo County,CA,7.25,92.75,57.78,0.00,0.00,0.00,2018-07-10,2018-07-16,1
20180703,06113,Yolo County,CA,7.25,92.75,57.78,0.00,0.00,0.00,2018-07-03,2018-07-09,1
20180626,06113,Yolo County,CA,8.57,91.43,57.78,0.00,0.00,0.00,2018-06-26,2018-07-02,1
20180619,06113,Yolo County,CA,11.88,88.12,0.00,0.00,0.00,0.00,2018-06-19,2018-06-25,1
20180612,06113,Yolo County,CA,11.18,88.82,0.00,0.00,0.00,0.00,2018-06-12,2018-06-18,1
20180605,06113,Yolo County,CA,11.18,88.82,0.00,0.00,0.00,0.00,2018-06-05,2018-06-11,1
20180529,06113,Yolo County,CA,11.18,88.82,0.00,0.00,0.00,0.00,2018-05-29,2018-06-04,1
20180522,06113,Yolo County,CA,11.18,88.82,0.00,0.00,0.00,0.00,2018-05-22,2018-05-28,1
20180515,06113,Yolo County,CA,11.14,88.86,0.00,0.00,0.00,0.00,2018-05-15,2018-05-21,1
20180508,06113,Yolo County,CA,18.94,81.06,0.00,0.00,0.00,0.00,2018-05-08,2018-05-14,1
20180501,06113,Yolo County,CA,19.18,80.82,0.00,0.00,0.00,0.00,2018-05-01,2018-05-07,1
20180424,06113,Yolo County,CA,19.18,80.82,0.00,0.00,0.00,0.00,2018-04-24,2018-04-30,1
20180417,06113,Yolo County,CA,19.18,80.82,0.00,0.00,0.00,0.00,2018-04-17,2018-04-23,1
20180410,06113,Yolo County,CA,19.18,80.82,0.00,0.00,0.00,0.00,2018-04-10,2018-04-16,1
20180403,06113,Yolo County,CA,3.86,96.14,0.00,0.00,0.00,0.00,2018-04-03,2018-04-09,1
20180327,06113,Yolo County,CA,3.86,96.14,0.00,0.00,0.00,0.00,2018-03-27,2018-04-02,1
20180320,06113,Yolo County,CA,0.00,100.00,0.00,0.00,0.00,0.00,2018-03-20,2018-03-26,1
20180313,06113,Yolo County,CA,0.00,100.00,0.00,0.00,0.00,0.00,2018-03-13,2018-03-19,1
20180306,06113,Yolo County,CA,0.00,100.00,0.00,0.00,0.00,0.00,2018-03-06,2018-03-12,1
20180227,06113,Yolo County,CA,0.00,100.00,0.00,0.00,0.00,0.00,2018-02-27,2018-03-05,1
20180220,06113,Yolo County,CA,0.00,100.00,0.00,0.00,0.00,0.00,2018-02-20,2018-02-26,1
20180213,06113,Yolo County,CA,51.19,48.81,0.00,0.00,0.00,0.00,2018-02-13,2018-02-19,1
20180206,06113,Yolo County,CA,51.59,48.41,0.00,0.00,0.00,0.00,2018-02-06,2018-02-12,1
20180130,06113,Yolo County,CA,100.00,0.00,0.00,0.00,0.00,0.00,2018-01-30,2018-02-05,1
20180123,06113,Yolo County,CA,100.00,0.00,0.00,0.00,0.00,0.00,2018-01-23,2018-01-29,1
20180116,06113,Yolo County,CA,100.00,0.00,0.00,0.00,0.00,0.00,2018-01-16,2018-01-22,1
20180109,06113,Yolo County,CA,100.00,0.00,0.00,0.00,0.00,0.00,2018-01-09,2018-01-15,1
20180102,06113,Yolo County,CA,100.00,0.00,0.00,0.00,0.00,0.00,2018-01-02,2018-01-08,1
20171226,06113,Yolo County,CA,100.00,0.00,0.00,0.00,0.00,0.00,2017-12-26,2018-01-01,1
20171219,06113,Yolo County,CA,100.00,0.00,0.00,0.00,0.00,0.00,2017-12-19,2017-12-25,1
20171212,06113,Yolo County,CA,100.00,0.00,0.00,0.00,0.00,0.00,2017-12-12,2017-12-18,1
20171205,06113,Yolo County,CA,100.00,0.00,0.00,0.00,0.00,0.00,2017-12-05,2017-12-11,1
20171128,06113,Yolo County,CA,100.00,0.00,0.00,0.00,0.00,0.00,2017-11-28,2017-12-04,1
20171121,06113,Yolo County,CA,100.00,0.00,0.00,0.00,0.00,0.00,2017-11-21,2017-11-27,1
20171114,06113,Yolo County,CA,100.00,0.00,0.00,0.00,0.00,0.00,2017-11-14,2017-11-20,1
20171107,06113,Yolo County,CA,100.00,0.00,0.00,0.00,0.00,0.00,2017-11-07,2017-11-13,1
20171031,06113,Yolo County,CA,100.00,0.00,0.00,0.00,0.00,0.00,2017-10-31,2017-11-06,1
20171024,06113,Yolo County,CA,100.00,0.00,0.00,0.00,0.00,0.00,2017-10-24,2017-10-30,1
20171017,06113,Yolo County,CA,100.00,0.00,0.00,0.00,0.00,0.00,2017-10-17,2017-10-23,1
20171010,06113,Yolo County,CA,100.00,0.00,0.00,0.00,0.00,0.00,2017-10-10,2017-10-16,1
20171003,06113,Yolo County,CA,100.00,0.00,0.00,0.00,0.00,0.00,2017-10-03,2017-10-09,1
20170926,06113,Yolo County,CA,100.00,0.00,0.00,0.00,0.00,0.00,2017-09-26,2017-10-02,1
20170919,06113,Yolo County,CA,100.00,0.00,0.00,0.00,0.00,0.00,2017-09-19,2017-09-25,1
20170912,06113,Yolo County,CA,100.00,0.00,0.00,0.00,0.00,0.00,2017-09-12,2017-09-18,1
20170905,06113,Yolo County,CA,100.00,0.00,0.00,0.00,0.00,0.00,2017-09-05,2017-09-11,1
20170829,06113,Yolo County,CA,100.00,0.00,0.00,0.00,0.00,0.00,2017-08-29,2017-09-04,1
20170822,06113,Yolo County,CA,100.00,0.00,0.00,0.00,0.00,0.00,2017-08-22,2017-08-28,1
20170815,06113,Yolo County,CA,100.00,0.00,0.00,0.00,0.00,0.00,2017-08-15,2017-08-21,1
20170808,06113,Yolo County,CA,100.00,0.00,0.00,0.00,0.00,0.00,2017-08-08,2017-08-14,1
20170801,06113,Yolo County,CA,100.00,0.00,0.00,0.00,0.00,0.00,2017-08-01,2017-08-07,1
20170725,06113,Yolo County,CA,100.00,0.00,0.00,0.00,0.00,0.00,2017-07-25,2017-07-31,1
20170718,06113,Yolo County,CA,100.00,0.00,0.00,0.00,0.00,0.00,2017-07-18,2017-07-24,1
20170711,06113,Yolo County,CA,100.00,0.00,0.00,0.00,0.00,0.00,2017-07-11,2017-07-17,1
20170704,06113,Yolo County,CA,100.00,0.00,0.00,0.00,0.00,0.00,2017-07-04,2017-07-10,1
20170627,06113,Yolo County,CA,100.00,0.00,0.00,0.00,0.00,0.00,2017-06-27,2017-07-03,1
20170620,06113,Yolo County,CA,100.00,0.00,0.00,0.00,0.00,0.00,2017-06-20,2017-06-26,1
20170613,06113,Yolo County,CA,100.00,0.00,0.00,0.00,0.00,0.00,2017-06-13,2017-06-19,1
20170606,06113,Yolo County,CA,100.00,0.00,0.00,0.00,0.00,0.00,2017-06-06,2017-06-12,1
20170530,06113,Yolo County,CA,100.00,0.00,0.00,0.00,0.00,0.00,2017-05-30,2017-06-05,1
20170523,06113,Yolo County,CA,100.00,0.00,0.00,0.00,0.00,0.00,2017-05-23,2017-05-29,1
20170516,06113,Yolo County,CA,100.00,0.00,0.00,0.00,0.00,0.00,2017-05-16,2017-05-22,1
20170509,06113,Yolo County,CA,100.00,0.00,0.00,0.00,0.00,0.00,2017-05-09,2017-05-15,1
20170502,06113,Yolo County,CA,100.00,0.00,0.00,0.00,0.00,0.00,2017-05-02,2017-05-08,1
20170425,06113,Yolo County,CA,100.00,0.00,0.00,0.00,0.00,0.00,2017-04-25,2017-05-01,1
20170418,06113,Yolo County,CA,100.00,0.00,0.00,0.00,0.00,0.00,2017-04-18,2017-04-24,1
20170411,06113,Yolo County,CA,100.00,0.00,0.00,0.00,0.00,0.00,2017-04-11,2017-04-17,1
20170404,06113,Yolo County,CA,100.00,0.00,0.00,0.00,0.00,0.00,2017-04-04,2017-04-10,1
20170328,06113,Yolo County,CA,100.00,0.00,0.00,0.00,0.00,0.00,2017-03-28,2017-04-03,1
20170321,06113,Yolo County,CA,100.00,0.00,0.00,0.00,0.00,0.00,2017-03-21,2017-03-27,1
20170314,06113,Yolo County,CA,100.00,0.00,0.00,0.00,0.00,0.00,2017-03-14,2017-03-20,1
20170307,06113,Yolo County,CA,100.00,0.00,0.00,0.00,0.00,0.00,2017-03-07,2017-03-13,1
20170228,06113,Yolo County,CA,100.00,0.00,0.00,0.00,0.00,0.00,2017-02-28,2017-03-06,1
20170221,06113,Yolo County,CA,100.00,0.00,0.00,0.00,0.00,0.00,2017-02-21,2017-02-27,1
20170214,06113,Yolo County,CA,100.00,0.00,0.00,0.00,0.00,0.00,2017-02-14,2017-02-20,1
20170207,06113,Yolo County,CA,100.00,0.00,0.00,0.00,0.00,0.00,2017-02-07,2017-02-13,1
20170131,06113,Yolo County,CA,100.00,0.00,0.00,0.00,0.00,0.00,2017-01-31,2017-02-06,1
20170124,06113,Yolo County,CA,100.00,0.00,0.00,0.00,0.00,0.00,2017-01-24,2017-01-30,1
20170117,06113,Yolo County,CA,79.34,20.66,0.00,0.00,0.00,0.00,2017-01-17,2017-01-23,1
20170110,06113,Yolo County,CA,79.34,20.66,0.00,0.00,0.00,0.00,2017-01-10,2017-01-16,1
20170103,06113,Yolo County,CA,0.00,100.00,98.70,20.64,0.00,0.00,2017-01-03,2017-01-09,1
20161227,06113,Yolo County,CA,0.00,100.00,98.70,20.64,0.00,0.00,2016-12-27,2017-01-02,1
20161220,06113,Yolo County,CA,0.00,100.00,98.70,20.64,0.00,0.00,2016-12-20,2016-12-26,1
20161213,06113,Yolo County,CA,0.00,100.00,100.00,81.76,0.00,0.00,2016-12-13,2016-12-19,1
20161206,06113,Yolo County,CA,0.00,100.00,100.00,81.76,0.00,0.00,2016-12-06,2016-12-12,1
20161129,06113,Yolo County,CA,0.00,100.00,100.00,81.76,0.00,0.00,2016-11-29,2016-12-05,1
20161122,06113,Yolo County,CA,0.00,100.00,100.00,81.76,0.00,0.00,2016-11-22,2016-11-28,1
20161115,06113,Yolo County,CA,0.00,100.00,100.00,81.76,0.00,0.00,2016-11-15,2016-11-21,1
20161108,06113,Yolo County,CA,0.00,100.00,100.00,81.76,0.00,0.00,2016-11-08,2016-11-14,1
20161101,06113,Yolo County,CA,0.00,100.00,100.00,81.76,0.00,0.00,2016-11-01,2016-11-07,1
20161025,06113,Yolo County,CA,0.00,100.00,100.00,81.76,0.00,0.00,2016-10-25,2016-10-31,1
20161018,06113,Yolo County,CA,0.00,100.00,100.00,81.76,0.00,0.00,2016-10-18,2016-10-24,1
20161011,06113,Yolo County,CA,0.00,100.00,100.00,81.76,0.00,0.00,2016-10-11,2016-10-17,1
20161004,06113,Yolo County,CA,0.00,100.00,100.00,81.76,0.00,0.00,2016-10-04,2016-10-10,1
20160927,06113,Yolo County,CA,0.00,100.00,100.00,81.76,0.00,0.00,2016-09-27,2016-10-03,1
20160920,06113,Yolo County,CA,0.00,100.00,100.00,81.76,0.00,0.00,2016-09-20,2016-09-26,1
20160913,06113,Yolo County,CA,0.00,100.00,100.00,81.76,0.00,0.00,2016-09-13,2016-09-19,1
20160906,06113,Yolo County,CA,0.00,100.00,100.00,81.76,0.00,0.00,2016-09-06,2016-09-12,1
20160830,06113,Yolo County,CA,0.00,100.00,100.00,81.76,0.00,0.00,2016-08-30,2016-09-05,1
20160823,06113,Yolo County,CA,0.00,100.00,100.00,81.76,0.00,0.00,2016-08-23,2016-08-29,1
20160816,06113,Yolo County,CA,0.00,100.00,100.00,81.76,0.00,0.00,2016-08-16,2016-08-22,1
20160809,06113,Yolo County,CA,0.00,100.00,100.00,81.76,0.00,0.00,2016-08-09,2016-08-15,1
20160802,06113,Yolo County,CA,0.00,100.00,100.00,81.76,0.00,0.00,2016-08-02,2016-08-08,1
20160726,06113,Yolo County,CA,0.00,100.00,100.00,81.76,0.00,0.00,2016-07-26,2016-08-01,1
20160719,06113,Yolo County,CA,0.00,100.00,100.00,81.76,0.00,0.00,2016-07-19,2016-07-25,1
20160712,06113,Yolo County,CA,0.00,100.00,100.00,81.76,0.00,0.00,2016-07-12,2016-07-18,1
20160705,06113,Yolo County,CA,0.00,100.00,100.00,81.76,0.00,0.00,2016-07-05,2016-07-11,1
20160628,06113,Yolo County,CA,0.00,100.00,100.00,81.76,0.00,0.00,2016-06-28,2016-07-04,1
20160621,06113,Yolo County,CA,0.00,100.00,100.00,81.76,0.00,0.00,2016-06-21,2016-06-27,1
20160614,06113,Yolo County,CA,0.00,100.00,100.00,81.76,0.00,0.00,2016-06-14,2016-06-20,1
20160607,06113,Yolo County,CA,0.00,100.00,100.00,81.76,0.00,0.00,2016-06-07,2016-06-13,1
20160531,06113,Yolo County,CA,0.00,100.00,100.00,81.76,0.00,0.00,2016-05-31,2016-06-06,1
20160524,06113,Yolo County,CA,0.00,100.00,100.00,81.76,0.00,0.00,2016-05-24,2016-05-30,1
20160517,06113,Yolo County,CA,0.00,100.00,100.00,81.76,0.00,0.00,2016-05-17,2016-05-23,1
20160510,06113,Yolo County,CA,0.00,100.00,100.00,100.00,80.99,0.00,2016-05-10,2016-05-16,1
20160503,06113,Yolo County,CA,0.00,100.00,100.00,100.00,80.99,0.00,2016-05-03,2016-05-09,1
20160426,06113,Yolo County,CA,0.00,100.00,100.00,100.00,80.99,0.00,2016-04-26,2016-05-02,1
20160419,06113,Yolo County,CA,0.00,100.00,100.00,100.00,80.99,0.00,2016-04-19,2016-04-25,1
20160412,06113,Yolo County,CA,0.00,100.00,100.00,100.00,90.07,0.00,2016-04-12,2016-04-18,1
20160405,06113,Yolo County,CA,0.00,100.00,100.00,100.00,90.07,0.00,2016-04-05,2016-04-11,1
20160329,06113,Yolo County,CA,0.00,100.00,100.00,100.00,90.07,66.07,2016-03-29,2016-04-04,1
20160322,06113,Yolo County,CA,0.00,100.00,100.00,100.00,90.07,66.07,2016-03-22,2016-03-28,1
20160315,06113,Yolo County,CA,0.00,100.00,100.00,100.00,90.07,66.07,2016-03-15,2016-03-21,1
20160308,06113,Yolo County,CA,0.00,100.00,100.00,100.00,99.98,89.62,2016-03-08,2016-03-14,1
20160301,06113,Yolo County,CA,0.00,100.00,100.00,100.00,99.98,89.62,2016-03-01,2016-03-07,1
20160223,06113,Yolo County,CA,0.00,100.00,100.00,100.00,99.98,89.62,2016-02-23,2016-02-29,1
20160216,06113,Yolo County,CA,0.00,100.00,100.00,100.00,99.98,89.62,2016-02-16,2016-02-22,1
20160209,06113,Yolo County,CA,0.00,100.00,100.00,100.00,99.98,89.62,2016-02-09,2016-02-15,1
20160202,06113,Yolo County,CA,0.00,100.00,100.00,100.00,99.98,89.62,2016-02-02,2016-02-08,1
20160126,06113,Yolo County,CA,0.00,100.00,100.00,100.00,99.98,89.71,2016-01-26,2016-02-01,1
20160119,06113,Yolo County,CA,0.00,100.00,100.00,100.00,100.00,90.45,2016-01-19,2016-01-25,1
20160112,06113,Yolo County,CA,0.00,100.00,100.00,100.00,100.00,90.45,2016-01-12,2016-01-18,1
20160105,06113,Yolo County,CA,0.00,100.00,100.00,100.00,100.00,90.45,2016-01-05,2016-01-11,1
20151229,06113,Yolo County,CA,0.00,100.00,100.00,100.00,100.00,90.45,2015-12-29,2016-01-04,1
20151222,06113,Yolo County,CA,0.00,100.00,100.00,100.00,100.00,90.45,2015-12-22,2015-12-28,1
20151215,06113,Yolo County,CA,0.00,100.00,100.00,100.00,100.00,90.45,2015-12-15,2015-12-21,1
20151208,06113,Yolo County,CA,0.00,100.00,100.00,100.00,100.00,90.45,2015-12-08,2015-12-14,1
20151201,06113,Yolo County,CA,0.00,100.00,100.00,100.00,100.00,90.45,2015-12-01,2015-12-07,1
20151124,06113,Yolo County,CA,0.00,100.00,100.00,100.00,100.00,90.45,2015-11-24,2015-11-30,1
20151117,06113,Yolo County,CA,0.00,100.00,100.00,100.00,100.00,90.45,2015-11-17,2015-11-23,1
20151110,06113,Yolo County,CA,0.00,100.00,100.00,100.00,100.00,90.45,2015-11-10,2015-11-16,1
20151103,06113,Yolo County,CA,0.00,100.00,100.00,100.00,100.00,90.45,2015-11-03,2015-11-09,1
20151027,06113,Yolo County,CA,0.00,100.00,100.00,100.00,100.00,90.45,2015-10-27,2015-11-02,1
20151020,06113,Yolo County,CA,0.00,100.00,100.00,100.00,100.00,90.45,2015-10-20,2015-10-26,1
20151013,06113,Yolo County,CA,0.00,100.00,100.00,100.00,100.00,90.45,2015-10-13,2015-10-19,1
20151006,06113,Yolo County,CA,0.00,100.00,100.00,100.00,100.00,90.45,2015-10-06,2015-10-12,1
20150929,06113,Yolo County,CA,0.00,100.00,100.00,100.00,100.00,90.45,2015-09-29,2015-10-05,1
20150922,06113,Yolo County,CA,0.00,100.00,100.00,100.00,100.00,90.45,2015-09-22,2015-09-28,1
20150915,06113,Yolo County,CA,0.00,100.00,100.00,100.00,100.00,90.45,2015-09-15,2015-09-21,1
20150908,06113,Yolo County,CA,0.00,100.00,100.00,100.00,100.00,90.45,2015-09-08,2015-09-14,1
20150901,06113,Yolo County,CA,0.00,100.00,100.00,100.00,100.00,90.45,2015-09-01,2015-09-07,1
20150825,06113,Yolo County,CA,0.00,100.00,100.00,100.00,100.00,90.45,2015-08-25,2015-08-31,1
20150818,06113,Yolo County,CA,0.00,100.00,100.00,100.00,100.00,90.45,2015-08-18,2015-08-24,1
20150811,06113,Yolo County,CA,0.00,100.00,100.00,100.00,100.00,90.45,2015-08-11,2015-08-17,1
20150804,06113,Yolo County,CA,0.00,100.00,100.00,100.00,100.00,90.45,2015-08-04,2015-08-10,1
20150728,06113,Yolo County,CA,0.00,100.00,100.00,100.00,100.00,90.45,2015-07-28,2015-08-03,1
20150721,06113,Yolo County,CA,0.00,100.00,100.00,100.00,100.00,90.45,2015-07-21,2015-07-27,1
20150714,06113,Yolo County,CA,0.00,100.00,100.00,100.00,100.00,90.45,2015-07-14,2015-07-20,1
20150707,06113,Yolo County,CA,0.00,100.00,100.00,100.00,100.00,90.45,2015-07-07,2015-07-13,1
20150630,06113,Yolo County,CA,0.00,100.00,100.00,100.00,100.00,90.45,2015-06-30,2015-07-06,1
20150623,06113,Yolo County,CA,0.00,100.00,100.00,100.00,100.00,90.45,2015-06-23,2015-06-29,1
20150616,06113,Yolo County,CA,0.00,100.00,100.00,100.00,100.00,90.45,2015-06-16,2015-06-22,1
20150609,06113,Yolo County,CA,0.00,100.00,100.00,100.00,100.00,90.45,2015-06-09,2015-06-15,1
20150602,06113,Yolo County,CA,0.00,100.00,100.00,100.00,100.00,90.45,2015-06-02,2015-06-08,1
20150526,06113,Yolo County,CA,0.00,100.00,100.00,100.00,100.00,90.45,2015-05-26,2015-06-01,1
20150519,06113,Yolo County,CA,0.00,100.00,100.00,100.00,100.00,90.45,2015-05-19,2015-05-25,1
20150512,06113,Yolo County,CA,0.00,100.00,100.00,100.00,100.00,90.45,2015-05-12,2015-05-18,1
20150505,06113,Yolo County,CA,0.00,100.00,100.00,100.00,100.00,90.45,2015-05-05,2015-05-11,1
20150428,06113,Yolo County,CA,0.00,100.00,100.00,100.00,100.00,90.45,2015-04-28,2015-05-04,1
20150421,06113,Yolo County,CA,0.00,100.00,100.00,100.00,100.00,90.45,2015-04-21,2015-04-27,1
20150414,06113,Yolo County,CA,0.00,100.00,100.00,100.00,100.00,90.45,2015-04-14,2015-04-20,1
20150407,06113,Yolo County,CA,0.00,100.00,100.00,100.00,100.00,90.45,2015-04-07,2015-04-13,1
20150331,06113,Yolo County,CA,0.00,100.00,100.00,100.00,100.00,90.45,2015-03-31,2015-04-06,1
20150324,06113,Yolo County,CA,0.00,100.00,100.00,100.00,100.00,90.45,2015-03-24,2015-03-30,1
20150317,06113,Yolo County,CA,0.00,100.00,100.00,100.00,100.00,90.45,2015-03-17,2015-03-23,1
20150310,06113,Yolo County,CA,0.00,100.00,100.00,100.00,100.00,90.45,2015-03-10,2015-03-16,1
20150303,06113,Yolo County,CA,0.00,100.00,100.00,100.00,100.00,90.45,2015-03-03,2015-03-09,1
20150224,06113,Yolo County,CA,0.00,100.00,100.00,100.00,100.00,90.45,2015-02-24,2015-03-02,1
20150217,06113,Yolo County,CA,0.00,100.00,100.00,100.00,100.00,90.45,2015-02-17,2015-02-23,1
20150210,06113,Yolo County,CA,0.00,100.00,100.00,100.00,100.00,90.45,2015-02-10,2015-02-16,1
20150203,06113,Yolo County,CA,0.00,100.00,100.00,100.00,100.00,90.45,2015-02-03,2015-02-09,1
20150127,06113,Yolo County,CA,0.00,100.00,100.00,100.00,100.00,90.45,2015-01-27,2015-02-02,1
20150120,06113,Yolo County,CA,0.00,100.00,100.00,100.00,100.00,90.45,2015-01-20,2015-01-26,1
20150113,06113,Yolo County,CA,0.00,100.00,100.00,100.00,100.00,90.45,2015-01-13,2015-01-19,1
20150106,06113,Yolo County,CA,0.00,100.00,100.00,100.00,100.00,0.00,2015-01-06,2015-01-12,1
20141230,06113,Yolo County,CA,0.00,100.00,100.00,100.00,100.00,0.00,2014-12-30,2015-01-05,1
20141223,06113,Yolo County,CA,0.00,100.00,100.00,100.00,100.00,0.00,2014-12-23,2014-12-29,1
20141216,06113,Yolo County,CA,0.00,100.00,100.00,100.00,100.00,0.00,2014-12-16,2014-12-22,1
20141209,06113,Yolo County,CA,0.00,100.00,100.00,100.00,100.00,100.00,2014-12-09,2014-12-15,1
20141202,06113,Yolo County,CA,0.00,100.00,100.00,100.00,100.00,100.00,2014-12-02,2014-12-08,1
20141125,06113,Yolo County,CA,0.00,100.00,100.00,100.00,100.00,100.00,2014-11-25,2014-12-01,1
20141118,06113,Yolo County,CA,0.00,100.00,100.00,100.00,100.00,100.00,2014-11-18,2014-11-24,1
20141111,06113,Yolo County,CA,0.00,100.00,100.00,100.00,100.00,100.00,2014-11-11,2014-11-17,1
20141104,06113,Yolo County,CA,0.00,100.00,100.00,100.00,100.00,100.00,2014-11-04,2014-11-10,1
20141028,06113,Yolo County,CA,0.00,100.00,100.00,100.00,100.00,100.00,2014-10-28,2014-11-03,1
20141021,06113,Yolo County,CA,0.00,100.00,100.00,100.00,100.00,100.00,2014-10-21,2014-10-27,1
20141014,06113,Yolo County,CA,0.00,100.00,100.00,100.00,100.00,100.00,2014-10-14,2014-10-20,1
20141007,06113,Yolo County,CA,0.00,100.00,100.00,100.00,100.00,100.00,2014-10-07,2014-10-13,1
20140930,06113,Yolo County,CA,0.00,100.00,100.00,100.00,100.00,100.00,2014-09-30,2014-10-06,1
20140923,06113,Yolo County,CA,0.00,100.00,100.00,100.00,100.00,100.00,2014-09-23,2014-09-29,1
20140916,06113,Yolo County,CA,0.00,100.00,100.00,100.00,100.00,100.00,2014-09-16,2014-09-22,1
20140909,06113,Yolo County,CA,0.00,100.00,100.00,100.00,100.00,100.00,2014-09-09,2014-09-15,1
20140902,06113,Yolo County,CA,0.00,100.00,100.00,100.00,100.00,100.00,2014-09-02,2014-09-08,1
20140826,06113,Yolo County,CA,0.00,100.00,100.00,100.00,100.00,100.00,2014-08-26,2014-09-01,1
20140819,06113,Yolo County,CA,0.00,100.00,100.00,100.00,100.00,100.00,2014-08-19,2014-08-25,1
20140812,06113,Yolo County,CA,0.00,100.00,100.00,100.00,100.00,100.00,2014-08-12,2014-08-18,1
20140805,06113,Yolo County,CA,0.00,100.00,100.00,100.00,100.00,100.00,2014-08-05,2014-08-11,1
20140729,06113,Yolo County,CA,0.00,100.00,100.00,100.00,100.00,100.00,2014-07-29,2014-08-04,1
20140722,06113,Yolo County,CA,0.00,100.00,100.00,100.00,100.00,0.00,2014-07-22,2014-07-28,1
20140715,06113,Yolo County,CA,0.00,100.00,100.00,100.00,100.00,0.00,2014-07-15,2014-07-21,1
20140708,06113,Yolo County,CA,0.00,100.00,100.00,100.00,100.00,0.00,2014-07-08,2014-07-14,1
20140701,06113,Yolo County,CA,0.00,100.00,100.00,100.00,100.00,0.00,2014-07-01,2014-07-07,1
20140624,06113,Yolo County,CA,0.00,100.00,100.00,100.00,100.00,0.00,2014-06-24,2014-06-30,1
20140617,06113,Yolo County,CA,0.00,100.00,100.00,100.00,100.00,0.00,2014-06-17,2014-06-23,1
20140610,06113,Yolo County,CA,0.00,100.00,100.00,100.00,100.00,0.00,2014-06-10,2014-06-16,1
20140603,06113,Yolo County,CA,0.00,100.00,100.00,100.00,100.00,0.00,2014-06-03,2014-06-09,1
20140527,06113,Yolo County,CA,0.00,100.00,100.00,100.00,100.00,0.00,2014-05-27,2014-06-02,1
20140520,06113,Yolo County,CA,0.00,100.00,100.00,100.00,100.00,0.00,2014-05-20,2014-05-26,1
20140513,06113,Yolo County,CA,0.00,100.00,100.00,100.00,100.00,0.00,2014-05-13,2014-05-19,1
20140506,06113,Yolo County,CA,0.00,100.00,100.00,100.00,100.00,0.00,2014-05-06,2014-05-12,1
20140429,06113,Yolo County,CA,0.00,100.00,100.00,100.00,100.00,0.00,2014-04-29,2014-05-05,1
20140422,06113,Yolo County,CA,0.00,100.00,100.00,100.00,100.00,0.00,2014-04-22,2014-04-28,1
20140415,06113,Yolo County,CA,0.00,100.00,100.00,100.00,100.00,0.00,2014-04-15,2014-04-21,1
20140408,06113,Yolo County,CA,0.00,100.00,100.00,100.00,100.00,0.00,2014-04-08,2014-04-14,1
20140401,06113,Yolo County,CA,0.00,100.00,100.00,100.00,100.00,0.00,2014-04-01,2014-04-07,1
20140325,06113,Yolo County,CA,0.00,100.00,100.00,100.00,100.00,0.00,2014-03-25,2014-03-31,1
20140318,06113,Yolo County,CA,0.00,100.00,100.00,100.00,100.00,0.00,2014-03-18,2014-03-24,1
20140311,06113,Yolo County,CA,0.00,100.00,100.00,100.00,100.00,0.00,2014-03-11,2014-03-17,1
20140304,06113,Yolo County,CA,0.00,100.00,100.00,100.00,100.00,0.00,2014-03-04,2014-03-10,1
20140225,06113,Yolo County,CA,0.00,100.00,100.00,100.00,100.00,0.00,2014-02-25,2014-03-03,1
20140218,06113,Yolo County,CA,0.00,100.00,100.00,100.00,100.00,0.00,2014-02-18,2014-02-24,1
20140211,06113,Yolo County,CA,0.00,100.00,100.00,100.00,100.00,0.00,2014-02-11,2014-02-17,1
20140204,06113,Yolo County,CA,0.00,100.00,100.00,100.00,100.00,0.00,2014-02-04,2014-02-10,1
20140128,06113,Yolo County,CA,0.00,100.00,100.00,100.00,100.00,0.00,2014-01-28,2014-02-03,1
20140121,06113,Yolo County,CA,0.00,100.00,100.00,100.00,100.00,0.00,2014-01-21,2014-01-27,1
20140114,06113,Yolo County,CA,0.00,100.00,100.00,100.00,100.00,0.00,2014-01-14,2014-01-20,1
20140107,06113,Yolo County,CA,0.00,100.00,100.00,100.00,0.00,0.00,2014-01-07,2014-01-13,1
20131231,06113,Yolo County,CA,0.00,100.00,100.00,100.00,0.00,0.00,2013-12-31,2014-01-06,1
20131224,06113,Yolo County,CA,0.00,100.00,100.00,100.00,0.00,0.00,2013-12-24,2013-12-30,1
20131217,06113,Yolo County,CA,0.00,100.00,100.00,100.00,0.00,0.00,2013-12-17,2013-12-23,1
20131210,06113,Yolo County,CA,0.00,100.00,100.00,100.00,0.00,0.00,2013-12-10,2013-12-16,1
20131203,06113,Yolo County,CA,0.00,100.00,100.00,100.00,0.00,0.00,2013-12-03,2013-12-09,1
20131126,06113,Yolo County,CA,0.00,100.00,100.00,100.00,0.00,0.00,2013-11-26,2013-12-02,1
20131119,06113,Yolo County,CA,0.00,100.00,100.00,100.00,0.00,0.00,2013-11-19,2013-11-25,1
20131112,06113,Yolo County,CA,0.00,100.00,100.00,100.00,0.00,0.00,2013-11-12,2013-11-18,1
20131105,06113,Yolo County,CA,0.00,100.00,100.00,100.00,0.00,0.00,2013-11-05,2013-11-11,1
20131029,06113,Yolo County,CA,0.00,100.00,100.00,100.00,0.00,0.00,2013-10-29,2013-11-04,1
20131022,06113,Yolo County,CA,0.00,100.00,100.00,100.00,0.00,0.00,2013-10-22,2013-10-28,1
20131015,06113,Yolo County,CA,0.00,100.00,100.00,100.00,0.00,0.00,2013-10-15,2013-10-21,1
20131008,06113,Yolo County,CA,0.00,100.00,100.00,100.00,0.00,0.00,2013-10-08,2013-10-14,1
20131001,06113,Yolo County,CA,0.00,100.00,100.00,100.00,0.00,0.00,2013-10-01,2013-10-07,1
20130924,06113,Yolo County,CA,0.00,100.00,100.00,100.00,0.00,0.00,2013-09-24,2013-09-30,1
20130917,06113,Yolo County,CA,0.00,100.00,100.00,100.00,0.00,0.00,2013-09-17,2013-09-23,1
20130910,06113,Yolo County,CA,0.00,100.00,100.00,100.00,0.00,0.00,2013-09-10,2013-09-16,1
20130903,06113,Yolo County,CA,0.00,100.00,100.00,100.00,0.00,0.00,2013-09-03,2013-09-09,1
20130827,06113,Yolo County,CA,0.00,100.00,100.00,100.00,0.00,0.00,2013-08-27,2013-09-02,1
20130820,06113,Yolo County,CA,0.00,100.00,100.00,100.00,0.00,0.00,2013-08-20,2013-08-26,1
20130813,06113,Yolo County,CA,0.00,100.00,100.00,100.00,0.00,0.00,2013-08-13,2013-08-19,1
20130806,06113,Yolo County,CA,0.00,100.00,100.00,100.00,0.00,0.00,2013-08-06,2013-08-12,1
20130730,06113,Yolo County,CA,0.00,100.00,100.00,100.00,0.00,0.00,2013-07-30,2013-08-05,1
20130723,06113,Yolo County,CA,0.00,100.00,100.00,100.00,0.00,0.00,2013-07-23,2013-07-29,1
20130716,06113,Yolo County,CA,0.00,100.00,100.00,100.00,0.00,0.00,2013-07-16,2013-07-22,1
20130709,06113,Yolo County,CA,0.00,100.00,100.00,100.00,0.00,0.00,2013-07-09,2013-07-15,1
20130702,06113,Yolo County,CA,0.00,100.00,100.00,100.00,0.00,0.00,2013-07-02,2013-07-08,1
20130625,06113,Yolo County,CA,0.00,100.00,100.00,100.00,0.00,0.00,2013-06-25,2013-07-01,1
20130618,06113,Yolo County,CA,0.00,100.00,100.00,0.00,0.00,0.00,2013-06-18,2013-06-24,1
20130611,06113,Yolo County,CA,0.00,100.00,100.00,0.00,0.00,0.00,2013-06-11,2013-06-17,1
20130604,06113,Yolo County,CA,0.00,100.00,100.00,0.00,0.00,0.00,2013-06-04,2013-06-10,1
20130528,06113,Yolo County,CA,0.00,100.00,100.00,0.00,0.00,0.00,2013-05-28,2013-06-03,1
20130521,06113,Yolo County,CA,0.00,100.00,100.00,0.00,0.00,0.00,2013-05-21,2013-05-27,1
20130514,06113,Yolo County,CA,0.00,100.00,100.00,0.00,0.00,0.00,2013-05-14,2013-05-20,1
20130507,06113,Yolo County,CA,0.00,100.00,100.00,0.00,0.00,0.00,2013-05-07,2013-05-13,1
20130430,06113,Yolo County,CA,0.00,100.00,0.00,0.00,0.00,0.00,2013-04-30,2013-05-06,1
20130423,06113,Yolo County,CA,0.00,100.00,0.00,0.00,0.00,0.00,2013-04-23,2013-04-29,1
20130416,06113,Yolo County,CA,0.00,100.00,0.00,0.00,0.00,0.00,2013-04-16,2013-04-22,1
20130409,06113,Yolo County,CA,0.00,100.00,0.00,0.00,0.00,0.00,2013-04-09,2013-04-15,1
20130402,06113,Yolo County,CA,0.00,100.00,0.00,0.00,0.00,0.00,2013-04-02,2013-04-08,1
20130326,06113,Yolo County,CA,0.00,100.00,0.00,0.00,0.00,0.00,2013-03-26,2013-04-01,1
20130319,06113,Yolo County,CA,0.00,100.00,0.00,0.00,0.00,0.00,2013-03-19,2013-03-25,1
20130312,06113,Yolo County,CA,0.00,100.00,0.00,0.00,0.00,0.00,2013-03-12,2013-03-18,1
20130305,06113,Yolo County,CA,0.00,100.00,0.00,0.00,0.00,0.00,2013-03-05,2013-03-11,1
20130226,06113,Yolo County,CA,0.00,100.00,0.00,0.00,0.00,0.00,2013-02-26,2013-03-04,1
20130219,06113,Yolo County,CA,27.22,72.78,0.00,0.00,0.00,0.00,2013-02-19,2013-02-25,1
20130212,06113,Yolo County,CA,100.00,0.00,0.00,0.00,0.00,0.00,2013-02-12,2013-02-18,1
20130205,06113,Yolo County,CA,100.00,0.00,0.00,0.00,0.00,0.00,2013-02-05,2013-02-11,1
20130129,06113,Yolo County,CA,100.00,0.00,0.00,0.00,0.00,0.00,2013-01-29,2013-02-04,1
20130122,06113,Yolo County,CA,100.00,0.00,0.00,0.00,0.00,0.00,2013-01-22,2013-01-28,1
20130115,06113,Yolo County,CA,100.00,0.00,0.00,0.00,0.00,0.00,2013-01-15,2013-01-21,1
20130108,06113,Yolo County,CA,100.00,0.00,0.00,0.00,0.00,0.00,2013-01-08,2013-01-14,1
20130101,06113,Yolo County,CA,100.00,0.00,0.00,0.00,0.00,0.00,2013-01-01,2013-01-07,1
20121225,06113,Yolo County,CA,100.00,0.00,0.00,0.00,0.00,0.00,2012-12-25,2012-12-31,1
20121218,06113,Yolo County,CA,100.00,0.00,0.00,0.00,0.00,0.00,2012-12-18,2012-12-24,1
20121211,06113,Yolo County,CA,100.00,0.00,0.00,0.00,0.00,0.00,2012-12-11,2012-12-17,1
20121204,06113,Yolo County,CA,24.78,75.22,0.00,0.00,0.00,0.00,2012-12-04,2012-12-10,1
20121127,06113,Yolo County,CA,0.00,100.00,75.36,0.00,0.00,0.00,2012-11-27,2012-12-03,1
20121120,06113,Yolo County,CA,0.00,100.00,75.36,0.00,0.00,0.00,2012-11-20,2012-11-26,1
20121113,06113,Yolo County,CA,0.00,100.00,75.36,0.00,0.00,0.00,2012-11-13,2012-11-19,1
20121106,06113,Yolo County,CA,0.00,100.00,75.36,0.00,0.00,0.00,2012-11-06,2012-11-12,1
20121030,06113,Yolo County,CA,0.00,100.00,75.36,0.00,0.00,0.00,2012-10-30,2012-11-05,1
20121023,06113,Yolo County,CA,0.00,100.00,75.36,0.00,0.00,0.00,2012-10-23,2012-10-29,1
20121016,06113,Yolo County,CA,0.00,100.00,75.36,0.00,0.00,0.00,2012-10-16,2012-10-22,1
20121009,06113,Yolo County,CA,0.00,100.00,77.40,0.00,0.00,0.00,2012-10-09,2012-10-15,1
20121002,06113,Yolo County,CA,0.00,100.00,74.30,0.00,0.00,0.00,2012-10-02,2012-10-08,1
20120925,06113,Yolo County,CA,0.00,100.00,74.30,0.00,0.00,0.00,2012-09-25,2012-10-01,1
20120918,06113,Yolo County,CA,0.00,100.00,74.30,0.00,0.00,0.00,2012-09-18,2012-09-24,1
20120911,06113,Yolo County,CA,0.00,100.00,75.02,0.00,0.00,0.00,2012-09-11,2012-09-17,1
20120904,06113,Yolo County,CA,0.00,100.00,76.57,0.00,0.00,0.00,2012-09-04,2012-09-10,1
20120828,06113,Yolo County,CA,0.00,100.00,78.05,0.00,0.00,0.00,2012-08-28,2012-09-03,1
20120821,06113,Yolo County,CA,0.00,100.00,75.52,0.00,0.00,0.00,2012-08-21,2012-08-27,1
20120814,06113,Yolo County,CA,0.00,100.00,75.52,0.00,0.00,0.00,2012-08-14,2012-08-20,1
20120807,06113,Yolo County,CA,0.00,100.00,75.23,0.00,0.00,0.00,2012-08-07,2012-08-13,1
20120731,06113,Yolo County,CA,0.00,100.00,75.23,0.00,0.00,0.00,2012-07-31,2012-08-06,1
20120724,06113,Yolo County,CA,0.00,100.00,75.23,0.00,0.00,0.00,2012-07-24,2012-07-30,1
20120717,06113,Yolo County,CA,0.00,100.00,75.23,0.00,0.00,0.00,2012-07-17,2012-07-23,1
20120710,06113,Yolo County,CA,0.00,100.00,75.23,0.00,0.00,0.00,2012-07-10,2012-07-16,1
20120703,06113,Yolo County,CA,0.00,100.00,75.52,0.00,0.00,0.00,2012-07-03,2012-07-09,1
20120626,06113,Yolo County,CA,0.00,100.00,76.82,0.00,0.00,0.00,2012-06-26,2012-07-02,1
20120619,06113,Yolo County,CA,0.00,100.00,76.82,0.00,0.00,0.00,2012-06-19,2012-06-25,1
20120612,06113,Yolo County,CA,0.00,100.00,77.49,0.00,0.00,0.00,2012-06-12,2012-06-18,1
20120605,06113,Yolo County,CA,0.00,100.00,77.49,0.00,0.00,0.00,2012-06-05,2012-06-11,1
20120529,06113,Yolo County,CA,0.00,100.00,77.49,0.00,0.00,0.00,2012-05-29,2012-06-04,1
20120522,06113,Yolo County,CA,0.00,100.00,77.49,0.00,0.00,0.00,2012-05-22,2012-05-28,1
20120515,06113,Yolo County,CA,0.00,100.00,77.49,0.00,0.00,0.00,2012-05-15,2012-05-21,1
20120508,06113,Yolo County,CA,0.00,100.00,77.49,0.00,0.00,0.00,2012-05-08,2012-05-14,1
20120501,06113,Yolo County,CA,0.00,100.00,78.29,0.00,0.00,0.00,2012-05-01,2012-05-07,1
20120424,06113,Yolo County,CA,0.00,100.00,78.29,0.00,0.00,0.00,2012-04-24,2012-04-30,1
20120417,06113,Yolo County,CA,0.00,100.00,78.29,43.87,0.00,0.00,2012-04-17,2012-04-23,1
20120410,06113,Yolo County,CA,0.00,100.00,100.00,77.63,0.00,0.00,2012-04-10,2012-04-16,1
20120403,06113,Yolo County,CA,0.00,100.00,100.00,77.63,0.00,0.00,2012-04-03,2012-04-09,1
20120327,06113,Yolo County,CA,0.00,100.00,100.00,77.63,0.00,0.00,2012-03-27,2012-04-02,1
20120320,06113,Yolo County,CA,0.00,100.00,100.00,77.63,0.00,0.00,2012-03-20,2012-03-26,1
20120313,06113,Yolo County,CA,0.00,100.00,100.00,100.00,0.00,0.00,2012-03-13,2012-03-19,1
20120306,06113,Yolo County,CA,0.00,100.00,100.00,0.00,0.00,0.00,2012-03-06,2012-03-12,1
20120228,06113,Yolo County,CA,0.00,100.00,100.00,0.00,0.00,0.00,2012-02-28,2012-03-05,1
20120221,06113,Yolo County,CA,0.00,100.00,100.00,0.00,0.00,0.00,2012-02-21,2012-02-27,1
20120214,06113,Yolo County,CA,0.00,100.00,100.00,0.00,0.00,0.00,2012-02-14,2012-02-20,1
20120207,06113,Yolo County,CA,0.00,100.00,100.00,0.00,0.00,0.00,2012-02-07,2012-02-13,1
20120131,06113,Yolo County,CA,0.00,100.00,100.00,0.00,0.00,0.00,2012-01-31,2012-02-06,1
20120124,06113,Yolo County,CA,0.00,100.00,100.00,0.00,0.00,0.00,2012-01-24,2012-01-30,1
20120117,06113,Yolo County,CA,0.00,100.00,100.00,0.00,0.00,0.00,2012-01-17,2012-01-23,1
20120110,06113,Yolo County,CA,0.00,100.00,100.00,0.00,0.00,0.00,2012-01-10,2012-01-16,1
20120103,06113,Yolo County,CA,0.00,100.00,100.00,0.00,0.00,0.00,2012-01-03,2012-01-09,1
20111227,06113,Yolo County,CA,0.00,100.00,0.00,0.00,0.00,0.00,2011-12-27,2012-01-02,1
20111220,06113,Yolo County,CA,100.00,0.00,0.00,0.00,0.00,0.00,2011-12-20,2011-12-26,1
20111213,06113,Yolo County,CA,100.00,0.00,0.00,0.00,0.00,0.00,2011-12-13,2011-12-19,1
20111206,06113,Yolo County,CA,100.00,0.00,0.00,0.00,0.00,0.00,2011-12-06,2011-12-12,1
20111129,06113,Yolo County,CA,100.00,0.00,0.00,0.00,0.00,0.00,2011-11-29,2011-12-05,1
20111122,06113,Yolo County,CA,100.00,0.00,0.00,0.00,0.00,0.00,2011-11-22,2011-11-28,1
20111115,06113,Yolo County,CA,100.00,0.00,0.00,0.00,0.00,0.00,2011-11-15,2011-11-21,1
20111108,06113,Yolo County,CA,100.00,0.00,0.00,0.00,0.00,0.00,2011-11-08,2011-11-14,1
20111101,06113,Yolo County,CA,100.00,0.00,0.00,0.00,0.00,0.00,2011-11-01,2011-11-07,1
20111025,06113,Yolo County,CA,100.00,0.00,0.00,0.00,0.00,0.00,2011-10-25,2011-10-31,1
20111018,06113,Yolo County,CA,100.00,0.00,0.00,0.00,0.00,0.00,2011-10-18,2011-10-24,1
20111011,06113,Yolo County,CA,100.00,0.00,0.00,0.00,0.00,0.00,2011-10-11,2011-10-17,1
20111004,06113,Yolo County,CA,100.00,0.00,0.00,0.00,0.00,0.00,2011-10-04,2011-10-10,1
20110927,06113,Yolo County,CA,100.00,0.00,0.00,0.00,0.00,0.00,2011-09-27,2011-10-03,1
20110920,06113,Yolo County,CA,100.00,0.00,0.00,0.00,0.00,0.00,2011-09-20,2011-09-26,1
20110913,06113,Yolo County,CA,100.00,0.00,0.00,0.00,0.00,0.00,2011-09-13,2011-09-19,1
20110906,06113,Yolo County,CA,100.00,0.00,0.00,0.00,0.00,0.00,2011-09-06,2011-09-12,1
20110830,06113,Yolo County,CA,100.00,0.00,0.00,0.00,0.00,0.00,2011-08-30,2011-09-05,1
20110823,06113,Yolo County,CA,100.00,0.00,0.00,0.00,0.00,0.00,2011-08-23,2011-08-29,1
20110816,06113,Yolo County,CA,100.00,0.00,0.00,0.00,0.00,0.00,2011-08-16,2011-08-22,1
20110809,06113,Yolo County,CA,100.00,0.00,0.00,0.00,0.00,0.00,2011-08-09,2011-08-15,1
20110802,06113,Yolo County,CA,100.00,0.00,0.00,0.00,0.00,0.00,2011-08-02,2011-08-08,1
20110726,06113,Yolo County,CA,100.00,0.00,0.00,0.00,0.00,0.00,2011-07-26,2011-08-01,1
20110719,06113,Yolo County,CA,100.00,0.00,0.00,0.00,0.00,0.00,2011-07-19,2011-07-25,1
20110712,06113,Yolo County,CA,100.00,0.00,0.00,0.00,0.00,0.00,2011-07-12,2011-07-18,1
20110705,06113,Yolo County,CA,100.00,0.00,0.00,0.00,0.00,0.00,2011-07-05,2011-07-11,1
20110628,06113,Yolo County,CA,100.00,0.00,0.00,0.00,0.00,0.00,2011-06-28,2011-07-04,1
20110621,06113,Yolo County,CA,100.00,0.00,0.00,0.00,0.00,0.00,2011-06-21,2011-06-27,1
20110614,06113,Yolo County,CA,100.00,0.00,0.00,0.00,0.00,0.00,2011-06-14,2011-06-20,1
20110607,06113,Yolo County,CA,100.00,0.00,0.00,0.00,0.00,0.00,2011-06-07,2011-06-13,1
20110531,06113,Yolo County,CA,100.00,0.00,0.00,0.00,0.00,0.00,2011-05-31,2011-06-06,1
20110524,06113,Yolo County,CA,100.00,0.00,0.00,0.00,0.00,0.00,2011-05-24,2011-05-30,1
20110517,06113,Yolo County,CA,100.00,0.00,0.00,0.00,0.00,0.00,2011-05-17,2011-05-23,1
20110510,06113,Yolo County,CA,100.00,0.00,0.00,0.00,0.00,0.00,2011-05-10,2011-05-16,1
20110503,06113,Yolo County,CA,100.00,0.00,0.00,0.00,0.00,0.00,2011-05-03,2011-05-09,1
20110426,06113,Yolo County,CA,100.00,0.00,0.00,0.00,0.00,0.00,2011-04-26,2011-05-02,1
20110419,06113,Yolo County,CA,100.00,0.00,0.00,0.00,0.00,0.00,2011-04-19,2011-04-25,1
20110412,06113,Yolo County,CA,100.00,0.00,0.00,0.00,0.00,0.00,2011-04-12,2011-04-18,1
20110405,06113,Yolo County,CA,100.00,0.00,0.00,0.00,0.00,0.00,2011-04-05,2011-04-11,1
20110329,06113,Yolo County,CA,100.00,0.00,0.00,0.00,0.00,0.00,2011-03-29,2011-04-04,1
20110322,06113,Yolo County,CA,100.00,0.00,0.00,0.00,0.00,0.00,2011-03-22,2011-03-28,1
20110315,06113,Yolo County,CA,100.00,0.00,0.00,0.00,0.00,0.00,2011-03-15,2011-03-21,1
20110308,06113,Yolo County,CA,100.00,0.00,0.00,0.00,0.00,0.00,2011-03-08,2011-03-14,1
20110301,06113,Yolo County,CA,100.00,0.00,0.00,0.00,0.00,0.00,2011-03-01,2011-03-07,1
20110222,06113,Yolo County,CA,100.00,0.00,0.00,0.00,0.00,0.00,2011-02-22,2011-02-28,1
20110215,06113,Yolo County,CA,61.20,38.80,0.00,0.00,0.00,0.00,2011-02-15,2011-02-21,1
20110208,06113,Yolo County,CA,61.20,38.80,0.00,0.00,0.00,0.00,2011-02-08,2011-02-14,1
20110201,06113,Yolo County,CA,100.00,0.00,0.00,0.00,0.00,0.00,2011-02-01,2011-02-07,1
20110125,06113,Yolo County,CA,100.00,0.00,0.00,0.00,0.00,0.00,2011-01-25,2011-01-31,1
20110118,06113,Yolo County,CA,100.00,0.00,0.00,0.00,0.00,0.00,2011-01-18,2011-01-24,1
20110111,06113,Yolo County,CA,100.00,0.00,0.00,0.00,0.00,0.00,2011-01-11,2011-01-17,1
20110104,06113,Yolo County,CA,100.00,0.00,0.00,0.00,0.00,0.00,2011-01-04,2011-01-10,1
20101228,06113,Yolo County,CA,100.00,0.00,0.00,0.00,0.00,0.00,2010-12-28,2011-01-03,1
20101221,06113,Yolo County,CA,100.00,0.00,0.00,0.00,0.00,0.00,2010-12-21,2010-12-27,1
20101214,06113,Yolo County,CA,100.00,0.00,0.00,0.00,0.00,0.00,2010-12-14,2010-12-20,1
20101207,06113,Yolo County,CA,100.00,0.00,0.00,0.00,0.00,0.00,2010-12-07,2010-12-13,1
20101130,06113,Yolo County,CA,100.00,0.00,0.00,0.00,0.00,0.00,2010-11-30,2010-12-06,1
20101123,06113,Yolo County,CA,100.00,0.00,0.00,0.00,0.00,0.00,2010-11-23,2010-11-29,1
20101116,06113,Yolo County,CA,100.00,0.00,0.00,0.00,0.00,0.00,2010-11-16,2010-11-22,1
20101109,06113,Yolo County,CA,100.00,0.00,0.00,0.00,0.00,0.00,2010-11-09,2010-11-15,1
20101102,06113,Yolo County,CA,100.00,0.00,0.00,0.00,0.00,0.00,2010-11-02,2010-11-08,1
20101026,06113,Yolo County,CA,100.00,0.00,0.00,0.00,0.00,0.00,2010-10-26,2010-11-01,1
20101019,06113,Yolo County,CA,100.00,0.00,0.00,0.00,0.00,0.00,2010-10-19,2010-10-25,1
20101012,06113,Yolo County,CA,100.00,0.00,0.00,0.00,0.00,0.00,2010-10-12,2010-10-18,1
20101005,06113,Yolo County,CA,100.00,0.00,0.00,0.00,0.00,0.00,2010-10-05,2010-10-11,1
20100928,06113,Yolo County,CA,100.00,0.00,0.00,0.00,0.00,0.00,2010-09-28,2010-10-04,1
20100921,06113,Yolo County,CA,100.00,0.00,0.00,0.00,0.00,0.00,2010-09-21,2010-09-27,1
20100914,06113,Yolo County,CA,100.00,0.00,0.00,0.00,0.00,0.00,2010-09-14,2010-09-20,1
20100907,06113,Yolo County,CA,100.00,0.00,0.00,0.00,0.00,0.00,2010-09-07,2010-09-13,1
20100831,06113,Yolo County,CA,100.00,0.00,0.00,0.00,0.00,0.00,2010-08-31,2010-09-06,1
20100824,06113,Yolo County,CA,100.00,0.00,0.00,0.00,0.00,0.00,2010-08-24,2010-08-30,1
20100817,06113,Yolo County,CA,100.00,0.00,0.00,0.00,0.00,0.00,2010-08-17,2010-08-23,1
20100810,06113,Yolo County,CA,100.00,0.00,0.00,0.00,0.00,0.00,2010-08-10,2010-08-16,1
20100803,06113,Yolo County,CA,100.00,0.00,0.00,0.00,0.00,0.00,2010-08-03,2010-08-09,1
20100727,06113,Yolo County,CA,100.00,0.00,0.00,0.00,0.00,0.00,2010-07-27,2010-08-02,1
20100720,06113,Yolo County,CA,100.00,0.00,0.00,0.00,0.00,0.00,2010-07-20,2010-07-26,1
20100713,06113,Yolo County,CA,100.00,0.00,0.00,0.00,0.00,0.00,2010-07-13,2010-07-19,1
20100706,06113,Yolo County,CA,100.00,0.00,0.00,0.00,0.00,0.00,2010-07-06,2010-07-12,1
20100629,06113,Yolo County,CA,100.00,0.00,0.00,0.00,0.00,0.00,2010-06-29,2010-07-05,1
20100622,06113,Yolo County,CA,100.00,0.00,0.00,0.00,0.00,0.00,2010-06-22,2010-06-28,1
20100615,06113,Yolo County,CA,100.00,0.00,0.00,0.00,0.00,0.00,2010-06-15,2010-06-21,1
20100608,06113,Yolo County,CA,100.00,0.00,0.00,0.00,0.00,0.00,2010-06-08,2010-06-14,1
20100601,06113,Yolo County,CA,100.00,0.00,0.00,0.00,0.00,0.00,2010-06-01,2010-06-07,1
20100525,06113,Yolo County,CA,100.00,0.00,0.00,0.00,0.00,0.00,2010-05-25,2010-05-31,1
20100518,06113,Yolo County,CA,66.16,33.84,0.00,0.00,0.00,0.00,2010-05-18,2010-05-24,1
20100511,06113,Yolo County,CA,66.53,33.47,0.00,0.00,0.00,0.00,2010-05-11,2010-05-17,1
20100504,06113,Yolo County,CA,66.16,33.84,0.00,0.00,0.00,0.00,2010-05-04,2010-05-10,1
20100427,06113,Yolo County,CA,66.16,33.84,0.00,0.00,0.00,0.00,2010-04-27,2010-05-03,1
20100420,06113,Yolo County,CA,61.00,39.00,0.00,0.00,0.00,0.00,2010-04-20,2010-04-26,1
20100413,06113,Yolo County,CA,56.99,43.01,0.00,0.00,0.00,0.00,2010-04-13,2010-04-19,1
20100406,06113,Yolo County,CA,50.07,49.93,0.00,0.00,0.00,0.00,2010-04-06,2010-04-12,1
20100330,06113,Yolo County,CA,50.07,49.93,0.00,0.00,0.00,0.00,2010-03-30,2010-04-05,1
20100323,06113,Yolo County,CA,50.07,49.93,0.00,0.00,0.00,0.00,2010-03-23,2010-03-29,1
20100316,06113,Yolo County,CA,50.15,49.85,0.00,0.00,0.00,0.00,2010-03-16,2010-03-22,1
20100309,06113,Yolo County,CA,50.15,49.85,0.00,0.00,0.00,0.00,2010-03-09,2010-03-15,1
20100302,06113,Yolo County,CA,0.00,100.00,0.00,0.00,0.00,0.00,2010-03-02,2010-03-08,1
20100223,06113,Yolo County,CA,0.00,100.00,0.00,0.00,0.00,0.00,2010-02-23,2010-03-01,1
20100216,06113,Yolo County,CA,0.00,100.00,0.00,0.00,0.00,0.00,2010-02-16,2010-02-22,1
20100209,06113,Yolo County,CA,0.00,100.00,0.00,0.00,0.00,0.00,2010-02-09,2010-02-15,1
20100202,06113,Yolo County,CA,0.00,100.00,0.00,0.00,0.00,0.00,2010-02-02,2010-02-08,1
20100126,06113,Yolo County,CA,0.00,100.00,0.00,0.00,0.00,0.00,2010-01-26,2010-02-01,1
20100119,06113,Yolo County,CA,0.00,100.00,100.00,0.00,0.00,0.00,2010-01-19,2010-01-25,1
20100112,06113,Yolo County,CA,0.00,100.00,100.00,0.00,0.00,0.00,2010-01-12,2010-01-18,1
20100105,06113,Yolo County,CA,0.00,100.00,100.00,0.00,0.00,0.00,2010-01-05,2010-01-11,1
20091229,06113,Yolo County,CA,0.00,100.00,100.00,0.00,0.00,0.00,2009-12-29,2010-01-04,1
20091222,06113,Yolo County,CA,0.00,100.00,100.00,0.00,0.00,0.00,2009-12-22,2009-12-28,1
20091215,06113,Yolo County,CA,0.00,100.00,100.00,0.00,0.00,0.00,2009-12-15,2009-12-21,1
20091208,06113,Yolo County,CA,0.00,100.00,100.00,0.00,0.00,0.00,2009-12-08,2009-12-14,1
20091201,06113,Yolo County,CA,0.00,100.00,100.00,0.00,0.00,0.00,2009-12-01,2009-12-07,1
20091124,06113,Yolo County,CA,0.00,100.00,100.00,0.00,0.00,0.00,2009-11-24,2009-11-30,1
20091117,06113,Yolo County,CA,0.00,100.00,100.00,0.00,0.00,0.00,2009-11-17,2009-11-23,1
20091110,06113,Yolo County,CA,0.00,100.00,100.00,0.00,0.00,0.00,2009-11-10,2009-11-16,1
20091103,06113,Yolo County,CA,0.00,100.00,100.00,0.00,0.00,0.00,2009-11-03,2009-11-09,1
20091027,06113,Yolo County,CA,0.00,100.00,100.00,0.00,0.00,0.00,2009-10-27,2009-11-02,1
20091020,06113,Yolo County,CA,0.00,100.00,100.00,0.00,0.00,0.00,2009-10-20,2009-10-26,1
20091013,06113,Yolo County,CA,0.00,100.00,100.00,100.00,0.00,0.00,2009-10-13,2009-10-19,1
20091006,06113,Yolo County,CA,0.00,100.00,100.00,100.00,0.00,0.00,2009-10-06,2009-10-12,1
20090929,06113,Yolo County,CA,0.00,100.00,100.00,100.00,0.00,0.00,2009-09-29,2009-10-05,1
20090922,06113,Yolo County,CA,0.00,100.00,100.00,100.00,0.00,0.00,2009-09-22,2009-09-28,1
20090915,06113,Yolo County,CA,0.00,100.00,100.00,100.00,0.00,0.00,2009-09-15,2009-09-21,1
20090908,06113,Yolo County,CA,0.00,100.00,100.00,100.00,0.00,0.00,2009-09-08,2009-09-14,1
20090901,06113,Yolo County,CA,0.00,100.00,100.00,100.00,0.00,0.00,2009-09-01,2009-09-07,1
20090825,06113,Yolo County,CA,0.00,100.00,100.00,100.00,0.00,0.00,2009-08-25,2009-08-31,1
20090818,06113,Yolo County,CA,0.00,100.00,100.00,100.00,0.00,0.00,2009-08-18,2009-08-24,1
20090811,06113,Yolo County,CA,0.00,100.00,100.00,100.00,0.00,0.00,2009-08-11,2009-08-17,1
20090804,06113,Yolo County,CA,0.00,100.00,100.00,100.00,0.00,0.00,2009-08-04,2009-08-10,1
20090728,06113,Yolo County,CA,0.00,100.00,100.00,100.00,0.00,0.00,2009-07-28,2009-08-03,1
20090721,06113,Yolo County,CA,0.00,100.00,100.00,100.00,0.00,0.00,2009-07-21,2009-07-27,1
20090714,06113,Yolo County,CA,0.00,100.00,100.00,100.00,0.00,0.00,2009-07-14,2009-07-20,1
20090707,06113,Yolo County,CA,0.00,100.00,100.00,100.00,0.00,0.00,2009-07-07,2009-07-13,1
20090630,06113,Yolo County,CA,0.00,100.00,100.00,100.00,0.00,0.00,2009-06-30,2009-07-06,1
20090623,06113,Yolo County,CA,0.00,100.00,100.00,100.00,0.00,0.00,2009-06-23,2009-06-29,1
20090616,06113,Yolo County,CA,0.00,100.00,100.00,100.00,0.00,0.00,2009-06-16,2009-06-22,1
20090609,06113,Yolo County,CA,0.00,100.00,100.00,100.00,0.00,0.00,2009-06-09,2009-06-15,1
20090602,06113,Yolo County,CA,0.00,100.00,100.00,100.00,0.00,0.00,2009-06-02,2009-06-08,1
20090526,06113,Yolo County,CA,0.00,100.00,100.00,100.00,0.00,0.00,2009-05-26,2009-06-01,1
20090519,06113,Yolo County,CA,0.00,100.00,100.00,100.00,0.00,0.00,2009-05-19,2009-05-25,1
20090512,06113,Yolo County,CA,0.00,100.00,100.00,100.00,0.00,0.00,2009-05-12,2009-05-18,1
20090505,06113,Yolo County,CA,0.00,100.00,100.00,100.00,0.00,0.00,2009-05-05,2009-05-11,1
20090428,06113,Yolo County,CA,0.00,100.00,100.00,100.00,0.00,0.00,2009-04-28,2009-05-04,1
20090421,06113,Yolo County,CA,0.00,100.00,100.00,100.00,0.00,0.00,2009-04-21,2009-04-27,1
20090414,06113,Yolo County,CA,0.00,100.00,100.00,100.00,0.00,0.00,2009-04-14,2009-04-20,1
20090407,06113,Yolo County,CA,0.00,100.00,100.00,100.00,0.00,0.00,2009-04-07,2009-04-13,1
20090331,06113,Yolo County,CA,0.00,100.00,100.00,0.00,0.00,0.00,2009-03-31,2009-04-06,1
20090324,06113,Yolo County,CA,0.00,100.00,100.00,0.00,0.00,0.00,2009-03-24,2009-03-30,1
20090317,06113,Yolo County,CA,0.00,100.00,100.00,0.00,0.00,0.00,2009-03-17,2009-03-23,1
20090310,06113,Yolo County,CA,0.00,100.00,100.00,0.00,0.00,0.00,2009-03-10,2009-03-16,1
20090303,06113,Yolo County,CA,0.00,100.00,100.00,100.00,0.00,0.00,2009-03-03,2009-03-09,1
20090224,06113,Yolo County,CA,0.00,100.00,100.00,100.00,90.94,0.00,2009-02-24,2009-03-02,1
20090217,06113,Yolo County,CA,0.00,100.00,100.00,100.00,90.94,0.00,2009-02-17,2009-02-23,1
20090210,06113,Yolo County,CA,0.00,100.00,100.00,100.00,91.08,0.00,2009-02-10,2009-02-16,1
20090203,06113,Yolo County,CA,0.00,100.00,100.00,100.00,91.33,0.00,2009-02-03,2009-02-09,1
20090127,06113,Yolo County,CA,0.00,100.00,100.00,100.00,91.33,0.00,2009-01-27,2009-02-02,1
20090120,06113,Yolo County,CA,0.00,100.00,100.00,100.00,65.43,0.00,2009-01-20,2009-01-26,1
20090113,06113,Yolo County,CA,0.00,100.00,100.00,100.00,0.00,0.00,2009-01-13,2009-01-19,1
20090106,06113,Yolo County,CA,0.00,100.00,100.00,100.00,0.00,0.00,2009-01-06,2009-01-12,1
20081230,06113,Yolo County,CA,0.00,100.00,100.00,100.00,0.00,0.00,2008-12-30,2009-01-05,1
20081223,06113,Yolo County,CA,0.00,100.00,100.00,100.00,0.00,0.00,2008-12-23,2008-12-29,1
20081216,06113,Yolo County,CA,0.00,100.00,100.00,100.00,0.00,0.00,2008-12-16,2008-12-22,1
20081209,06113,Yolo County,CA,0.00,100.00,100.00,100.00,0.00,0.00,2008-12-09,2008-12-15,1
20081202,06113,Yolo County,CA,0.00,100.00,100.00,100.00,0.00,0.00,2008-12-02,2008-12-08,1
20081125,06113,Yolo County,CA,0.00,100.00,100.00,100.00,0.00,0.00,2008-11-25,2008-12-01,1
20081118,06113,Yolo County,CA,0.00,100.00,100.00,100.00,0.00,0.00,2008-11-18,2008-11-24,1
20081111,06113,Yolo County,CA,0.00,100.00,100.00,100.00,0.00,0.00,2008-11-11,2008-11-17,1
20081104,06113,Yolo County,CA,0.00,100.00,100.00,100.00,0.00,0.00,2008-11-04,2008-11-10,1
20081028,06113,Yolo County,CA,0.00,100.00,100.00,100.00,0.00,0.00,2008-10-28,2008-11-03,1
20081021,06113,Yolo County,CA,0.00,100.00,100.00,100.00,0.00,0.00,2008-10-21,2008-10-27,1
20081014,06113,Yolo County,CA,0.00,100.00,100.00,100.00,0.00,0.00,2008-10-14,2008-10-20,1
20081007,06113,Yolo County,CA,0.00,100.00,100.00,100.00,0.00,0.00,2008-10-07,2008-10-13,1
20080930,06113,Yolo County,CA,0.00,100.00,100.00,100.00,0.00,0.00,2008-09-30,2008-10-06,1
20080923,06113,Yolo County,CA,0.00,100.00,100.00,100.00,0.00,0.00,2008-09-23,2008-09-29,1
20080916,06113,Yolo County,CA,0.00,100.00,100.00,100.00,0.00,0.00,2008-09-16,2008-09-22,1
20080909,06113,Yolo County,CA,0.00,100.00,100.00,100.00,0.00,0.00,2008-09-09,2008-09-15,1
20080902,06113,Yolo County,CA,0.00,100.00,100.00,100.00,0.00,0.00,2008-09-02,2008-09-08,1
20080826,06113,Yolo County,CA,0.00,100.00,100.00,100.00,0.00,0.00,2008-08-26,2008-09-01,1
20080819,06113,Yolo County,CA,0.00,100.00,100.00,100.00,0.00,0.00,2008-08-19,2008-08-25,1
20080812,06113,Yolo County,CA,0.00,100.00,100.00,100.00,0.00,0.00,2008-08-12,2008-08-18,1
20080805,06113,Yolo County,CA,0.00,100.00,100.00,100.00,0.00,0.00,2008-08-05,2008-08-11,1
20080729,06113,Yolo County,CA,0.00,100.00,100.00,100.00,0.00,0.00,2008-07-29,2008-08-04,1
20080722,06113,Yolo County,CA,0.00,100.00,100.00,0.00,0.00,0.00,2008-07-22,2008-07-28,1
20080715,06113,Yolo County,CA,0.00,100.00,100.00,0.00,0.00,0.00,2008-07-15,2008-07-21,1
20080708,06113,Yolo County,CA,0.00,100.00,100.00,0.00,0.00,0.00,2008-07-08,2008-07-14,1
20080701,06113,Yolo County,CA,0.00,100.00,100.00,0.00,0.00,0.00,2008-07-01,2008-07-07,1
20080624,06113,Yolo County,CA,0.00,100.00,100.00,0.00,0.00,0.00,2008-06-24,2008-06-30,1
20080617,06113,Yolo County,CA,0.00,100.00,100.00,0.00,0.00,0.00,2008-06-17,2008-06-23,1
20080610,06113,Yolo County,CA,0.00,100.00,100.00,0.00,0.00,0.00,2008-06-10,2008-06-16,1
20080603,06113,Yolo County,CA,0.00,100.00,100.00,0.00,0.00,0.00,2008-06-03,2008-06-09,1
20080527,06113,Yolo County,CA,0.00,100.00,8.89,0.00,0.00,0.00,2008-05-27,2008-06-02,1
20080520,06113,Yolo County,CA,0.00,100.00,8.89,0.00,0.00,0.00,2008-05-20,2008-05-26,1
20080513,06113,Yolo County,CA,0.00,100.00,8.89,0.00,0.00,0.00,2008-05-13,2008-05-19,1
20080506,06113,Yolo County,CA,0.00,100.00,8.89,0.00,0.00,0.00,2008-05-06,2008-05-12,1
20080429,06113,Yolo County,CA,0.00,100.00,1.74,0.00,0.00,0.00,2008-04-29,2008-05-05,1
20080422,06113,Yolo County,CA,39.52,60.48,0.00,0.00,0.00,0.00,2008-04-22,2008-04-28,1
20080415,06113,Yolo County,CA,39.52,60.48,0.00,0.00,0.00,0.00,2008-04-15,2008-04-21,1
20080408,06113,Yolo County,CA,100.00,0.00,0.00,0.00,0.00,0.00,2008-04-08,2008-04-14,1
20080401,06113,Yolo County,CA,100.00,0.00,0.00,0.00,0.00,0.00,2008-04-01,2008-04-07,1
20080325,06113,Yolo County,CA,100.00,0.00,0.00,0.00,0.00,0.00,2008-03-25,2008-03-31,1
20080318,06113,Yolo County,CA,100.00,0.00,0.00,0.00,0.00,0.00,2008-03-18,2008-03-24,1
20080311,06113,Yolo County,CA,100.00,0.00,0.00,0.00,0.00,0.00,2008-03-11,2008-03-17,1
20080304,06113,Yolo County,CA,100.00,0.00,0.00,0.00,0.00,0.00,2008-03-04,2008-03-10,1
20080226,06113,Yolo County,CA,100.00,0.00,0.00,0.00,0.00,0.00,2008-02-26,2008-03-03,1
20080219,06113,Yolo County,CA,55.08,44.92,0.00,0.00,0.00,0.00,2008-02-19,2008-02-25,1
20080212,06113,Yolo County,CA,55.08,44.92,0.00,0.00,0.00,0.00,2008-02-12,2008-02-18,1
20080205,06113,Yolo County,CA,55.08,44.92,0.00,0.00,0.00,0.00,2008-02-05,2008-02-11,1
20080129,06113,Yolo County,CA,55.08,44.92,0.00,0.00,0.00,0.00,2008-01-29,2008-02-04,1
20080122,06113,Yolo County,CA,0.00,100.00,43.78,0.00,0.00,0.00,2008-01-22,2008-01-28,1
20080115,06113,Yolo County,CA,0.00,100.00,42.65,0.00,0.00,0.00,2008-01-15,2008-01-21,1
20080108,06113,Yolo County,CA,0.00,100.00,42.65,0.00,0.00,0.00,2008-01-08,2008-01-14,1
20080101,06113,Yolo County,CA,0.00,100.00,100.00,0.00,0.00,0.00,2008-01-01,2008-01-07,1
20071225,06113,Yolo County,CA,0.00,100.00,100.00,0.00,0.00,0.00,2007-12-25,2007-12-31,1
20071218,06113,Yolo County,CA,0.00,100.00,100.00,0.00,0.00,0.00,2007-12-18,2007-12-24,1
20071211,06113,Yolo County,CA,0.00,100.00,100.00,0.00,0.00,0.00,2007-12-11,2007-12-17,1
20071204,06113,Yolo County,CA,0.00,100.00,100.00,0.00,0.00,0.00,2007-12-04,2007-12-10,1
20071127,06113,Yolo County,CA,0.00,100.00,100.00,0.00,0.00,0.00,2007-11-27,2007-12-03,1
20071120,06113,Yolo County,CA,0.00,100.00,100.00,0.00,0.00,0.00,2007-11-20,2007-11-26,1
20071113,06113,Yolo County,CA,0.00,100.00,100.00,0.00,0.00,0.00,2007-11-13,2007-11-19,1
20071106,06113,Yolo County,CA,0.00,100.00,100.00,0.00,0.00,0.00,2007-11-06,2007-11-12,1
20071030,06113,Yolo County,CA,0.00,100.00,100.00,0.00,0.00,0.00,2007-10-30,2007-11-05,1
20071023,06113,Yolo County,CA,0.00,100.00,100.00,0.00,0.00,0.00,2007-10-23,2007-10-29,1
20071016,06113,Yolo County,CA,0.00,100.00,100.00,0.00,0.00,0.00,2007-10-16,2007-10-22,1
20071009,06113,Yolo County,CA,0.00,100.00,100.00,0.00,0.00,0.00,2007-10-09,2007-10-15,1
20071002,06113,Yolo County,CA,0.00,100.00,100.00,0.00,0.00,0.00,2007-10-02,2007-10-08,1
20070925,06113,Yolo County,CA,0.00,100.00,100.00,0.00,0.00,0.00,2007-09-25,2007-10-01,1
20070918,06113,Yolo County,CA,0.00,100.00,100.00,0.00,0.00,0.00,2007-09-18,2007-09-24,1
20070911,06113,Yolo County,CA,0.00,100.00,100.00,0.00,0.00,0.00,2007-09-11,2007-09-17,1
20070904,06113,Yolo County,CA,0.00,100.00,100.00,0.00,0.00,0.00,2007-09-04,2007-09-10,1
20070828,06113,Yolo County,CA,0.00,100.00,100.00,0.00,0.00,0.00,2007-08-28,2007-09-03,1
20070821,06113,Yolo County,CA,0.00,100.00,100.00,0.00,0.00,0.00,2007-08-21,2007-08-27,1
20070814,06113,Yolo County,CA,0.00,100.00,100.00,0.00,0.00,0.00,2007-08-14,2007-08-20,1
20070807,06113,Yolo County,CA,0.00,100.00,100.00,0.00,0.00,0.00,2007-08-07,2007-08-13,1
20070731,06113,Yolo County,CA,0.00,100.00,100.00,0.00,0.00,0.00,2007-07-31,2007-08-06,1
20070724,06113,Yolo County,CA,0.00,100.00,100.00,0.00,0.00,0.00,2007-07-24,2007-07-30,1
20070717,06113,Yolo County,CA,0.00,100.00,100.00,0.00,0.00,0.00,2007-07-17,2007-07-23,1
20070710,06113,Yolo County,CA,0.00,100.00,100.00,0.00,0.00,0.00,2007-07-10,2007-07-16,1
20070703,06113,Yolo County,CA,0.00,100.00,100.00,0.00,0.00,0.00,2007-07-03,2007-07-09,1
20070626,06113,Yolo County,CA,0.00,100.00,100.00,0.00,0.00,0.00,2007-06-26,2007-07-02,1
20070619,06113,Yolo County,CA,0.00,100.00,100.00,0.00,0.00,0.00,2007-06-19,2007-06-25,1
20070612,06113,Yolo County,CA,0.00,100.00,100.00,0.00,0.00,0.00,2007-06-12,2007-06-18,1
20070605,06113,Yolo County,CA,0.00,100.00,100.00,0.00,0.00,0.00,2007-06-05,2007-06-11,1
20070529,06113,Yolo County,CA,0.00,100.00,100.00,0.00,0.00,0.00,2007-05-29,2007-06-04,1
20070522,06113,Yolo County,CA,0.00,100.00,100.00,0.00,0.00,0.00,2007-05-22,2007-05-28,1
20070515,06113,Yolo County,CA,0.00,100.00,100.00,0.00,0.00,0.00,2007-05-15,2007-05-21,1
20070508,06113,Yolo County,CA,0.00,100.00,100.00,0.00,0.00,0.00,2007-05-08,2007-05-14,1
20070501,06113,Yolo County,CA,0.00,100.00,100.00,0.00,0.00,0.00,2007-05-01,2007-05-07,1
20070424,06113,Yolo County,CA,0.00,100.00,100.00,0.00,0.00,0.00,2007-04-24,2007-04-30,1
20070417,06113,Yolo County,CA,0.00,100.00,100.00,0.00,0.00,0.00,2007-04-17,2007-04-23,1
20070410,06113,Yolo County,CA,0.00,100.00,93.44,0.00,0.00,0.00,2007-04-10,2007-04-16,1
20070403,06113,Yolo County,CA,0.00,100.00,0.00,0.00,0.00,0.00,2007-04-03,2007-04-09,1
20070327,06113,Yolo County,CA,10.96,89.04,0.00,0.00,0.00,0.00,2007-03-27,2007-04-02,1
20070320,06113,Yolo County,CA,97.88,2.12,0.00,0.00,0.00,0.00,2007-03-20,2007-03-26,1
20070313,06113,Yolo County,CA,97.88,2.12,0.00,0.00,0.00,0.00,2007-03-13,2007-03-19,1
20070306,06113,Yolo County,CA,97.88,2.12,0.00,0.00,0.00,0.00,2007-03-06,2007-03-12,1
20070227,06113,Yolo County,CA,97.88,2.12,0.00,0.00,0.00,0.00,2007-02-27,2007-03-05,1
20070220,06113,Yolo County,CA,0.95,99.05,0.00,0.00,0.00,0.00,2007-02-20,2007-02-26,1
20070213,06113,Yolo County,CA,100.00,0.00,0.00,0.00,0.00,0.00,2007-02-13,2007-02-19,1
20070206,06113,Yolo County,CA,0.00,100.00,0.00,0.00,0.00,0.00,2007-02-06,2007-02-12,1
20070130,06113,Yolo County,CA,0.00,100.00,0.00,0.00,0.00,0.00,2007-01-30,2007-02-05,1
20070123,06113,Yolo County,CA,0.00,100.00,0.00,0.00,0.00,0.00,2007-01-23,2007-01-29,1
20070116,06113,Yolo County,CA,100.00,0.00,0.00,0.00,0.00,0.00,2007-01-16,2007-01-22,1
20070109,06113,Yolo County,CA,100.00,0.00,0.00,0.00,0.00,0.00,2007-01-09,2007-01-15,1
20070102,06113,Yolo County,CA,100.00,0.00,0.00,0.00,0.00,0.00,2007-01-02,2007-01-08,1
20061226,06113,Yolo County,CA,100.00,0.00,0.00,0.00,0.00,0.00,2006-12-26,2007-01-01,1
20061219,06113,Yolo County,CA,100.00,0.00,0.00,0.00,0.00,0.00,2006-12-19,2006-12-25,1
20061212,06113,Yolo County,CA,100.00,0.00,0.00,0.00,0.00,0.00,2006-12-12,2006-12-18,1
20061205,06113,Yolo County,CA,100.00,0.00,0.00,0.00,0.00,0.00,2006-12-05,2006-12-11,1
20061128,06113,Yolo County,CA,100.00,0.00,0.00,0.00,0.00,0.00,2006-11-28,2006-12-04,1
20061121,06113,Yolo County,CA,100.00,0.00,0.00,0.00,0.00,0.00,2006-11-21,2006-11-27,1
20061114,06113,Yolo County,CA,100.00,0.00,0.00,0.00,0.00,0.00,2006-11-14,2006-11-20,1
20061107,06113,Yolo County,CA,100.00,0.00,0.00,0.00,0.00,0.00,2006-11-07,2006-11-13,1
20061031,06113,Yolo County,CA,100.00,0.00,0.00,0.00,0.00,0.00,2006-10-31,2006-11-06,1
20061024,06113,Yolo County,CA,100.00,0.00,0.00,0.00,0.00,0.00,2006-10-24,2006-10-30,1
20061017,06113,Yolo County,CA,100.00,0.00,0.00,0.00,0.00,0.00,2006-10-17,2006-10-23,1
20061010,06113,Yolo County,CA,100.00,0.00,0.00,0.00,0.00,0.00,2006-10-10,2006-10-16,1
20061003,06113,Yolo County,CA,100.00,0.00,0.00,0.00,0.00,0.00,2006-10-03,2006-10-09,1
20060926,06113,Yolo County,CA,100.00,0.00,0.00,0.00,0.00,0.00,2006-09-26,2006-10-02,1
20060919,06113,Yolo County,CA,100.00,0.00,0.00,0.00,0.00,0.00,2006-09-19,2006-09-25,1
20060912,06113,Yolo County,CA,100.00,0.00,0.00,0.00,0.00,0.00,2006-09-12,2006-09-18,1
20060905,06113,Yolo County,CA,100.00,0.00,0.00,0.00,0.00,0.00,2006-09-05,2006-09-11,1
20060829,06113,Yolo County,CA,100.00,0.00,0.00,0.00,0.00,0.00,2006-08-29,2006-09-04,1
20060822,06113,Yolo County,CA,100.00,0.00,0.00,0.00,0.00,0.00,2006-08-22,2006-08-28,1
20060815,06113,Yolo County,CA,100.00,0.00,0.00,0.00,0.00,0.00,2006-08-15,2006-08-21,1
20060808,06113,Yolo County,CA,100.00,0.00,0.00,0.00,0.00,0.00,2006-08-08,2006-08-14,1
20060801,06113,Yolo County,CA,100.00,0.00,0.00,0.00,0.00,0.00,2006-08-01,2006-08-07,1
20060725,06113,Yolo County,CA,100.00,0.00,0.00,0.00,0.00,0.00,2006-07-25,2006-07-31,1
20060718,06113,Yolo County,CA,100.00,0.00,0.00,0.00,0.00,0.00,2006-07-18,2006-07-24,1
20060711,06113,Yolo County,CA,100.00,0.00,0.00,0.00,0.00,0.00,2006-07-11,2006-07-17,1
20060704,06113,Yolo County,CA,100.00,0.00,0.00,0.00,0.00,0.00,2006-07-04,2006-07-10,1
20060627,06113,Yolo County,CA,100.00,0.00,0.00,0.00,0.00,0.00,2006-06-27,2006-07-03,1
20060620,06113,Yolo County,CA,100.00,0.00,0.00,0.00,0.00,0.00,2006-06-20,2006-06-26,1
20060613,06113,Yolo County,CA,100.00,0.00,0.00,0.00,0.00,0.00,2006-06-13,2006-06-19,1
20060606,06113,Yolo County,CA,100.00,0.00,0.00,0.00,0.00,0.00,2006-06-06,2006-06-12,1
20060530,06113,Yolo County,CA,100.00,0.00,0.00,0.00,0.00,0.00,2006-05-30,2006-06-05,1
20060523,06113,Yolo County,CA,100.00,0.00,0.00,0.00,0.00,0.00,2006-05-23,2006-05-29,1
20060516,06113,Yolo County,CA,100.00,0.00,0.00,0.00,0.00,0.00,2006-05-16,2006-05-22,1
20060509,06113,Yolo County,CA,100.00,0.00,0.00,0.00,0.00,0.00,2006-05-09,2006-05-15,1
20060502,06113,Yolo County,CA,100.00,0.00,0.00,0.00,0.00,0.00,2006-05-02,2006-05-08,1
20060425,06113,Yolo County,CA,100.00,0.00,0.00,0.00,0.00,0.00,2006-04-25,2006-05-01,1
20060418,06113,Yolo County,CA,100.00,0.00,0.00,0.00,0.00,0.00,2006-04-18,2006-04-24,1
20060411,06113,Yolo County,CA,100.00,0.00,0.00,0.00,0.00,0.00,2006-04-11,2006-04-17,1
20060404,06113,Yolo County,CA,100.00,0.00,0.00,0.00,0.00,0.00,2006-04-04,2006-04-10,1
20060328,06113,Yolo County,CA,100.00,0.00,0.00,0.00,0.00,0.00,2006-03-28,2006-04-03,1
20060321,06113,Yolo County,CA,100.00,0.00,0.00,0.00,0.00,0.00,2006-03-21,2006-03-27,1
20060314,06113,Yolo County,CA,100.00,0.00,0.00,0.00,0.00,0.00,2006-03-14,2006-03-20,1
20060307,06113,Yolo County,CA,100.00,0.00,0.00,0.00,0.00,0.00,2006-03-07,2006-03-13,1
20060228,06113,Yolo County,CA,100.00,0.00,0.00,0.00,0.00,0.00,2006-02-28,2006-03-06,1
20060221,06113,Yolo County,CA,100.00,0.00,0.00,0.00,0.00,0.00,2006-02-21,2006-02-27,1
20060214,06113,Yolo County,CA,100.00,0.00,0.00,0.00,0.00,0.00,2006-02-14,2006-02-20,1
20060207,06113,Yolo County,CA,100.00,0.00,0.00,0.00,0.00,0.00,2006-02-07,2006-02-13,1
20060131,06113,Yolo County,CA,100.00,0.00,0.00,0.00,0.00,0.00,2006-01-31,2006-02-06,1
20060124,06113,Yolo County,CA,100.00,0.00,0.00,0.00,0.00,0.00,2006-01-24,2006-01-30,1
20060117,06113,Yolo County,CA,100.00,0.00,0.00,0.00,0.00,0.00,2006-01-17,2006-01-23,1
20060110,06113,Yolo County,CA,100.00,0.00,0.00,0.00,0.00,0.00,2006-01-10,2006-01-16,1
20060103,06113,Yolo County,CA,100.00,0.00,0.00,0.00,0.00,0.00,2006-01-03,2006-01-09,1
20051227,06113,Yolo County,CA,100.00,0.00,0.00,0.00,0.00,0.00,2005-12-27,2006-01-02,1
20051220,06113,Yolo County,CA,100.00,0.00,0.00,0.00,0.00,0.00,2005-12-20,2005-12-26,1
20051213,06113,Yolo County,CA,100.00,0.00,0.00,0.00,0.00,0.00,2005-12-13,2005-12-19,1
20051206,06113,Yolo County,CA,100.00,0.00,0.00,0.00,0.00,0.00,2005-12-06,2005-12-12,1
20051129,06113,Yolo County,CA,90.35,9.65,0.00,0.00,0.00,0.00,2005-11-29,2005-12-05,1
20051122,06113,Yolo County,CA,100.00,0.00,0.00,0.00,0.00,0.00,2005-11-22,2005-11-28,1
20051115,06113,Yolo County,CA,100.00,0.00,0.00,0.00,0.00,0.00,2005-11-15,2005-11-21,1
20051108,06113,Yolo County,CA,100.00,0.00,0.00,0.00,0.00,0.00,2005-11-08,2005-11-14,1
20051101,06113,Yolo County,CA,100.00,0.00,0.00,0.00,0.00,0.00,2005-11-01,2005-11-07,1
20051025,06113,Yolo County,CA,100.00,0.00,0.00,0.00,0.00,0.00,2005-10-25,2005-10-31,1
20051018,06113,Yolo County,CA,100.00,0.00,0.00,0.00,0.00,0.00,2005-10-18,2005-10-24,1
20051011,06113,Yolo County,CA,100.00,0.00,0.00,0.00,0.00,0.00,2005-10-11,2005-10-17,1
20051004,06113,Yolo County,CA,100.00,0.00,0.00,0.00,0.00,0.00,2005-10-04,2005-10-10,1
20050927,06113,Yolo County,CA,100.00,0.00,0.00,0.00,0.00,0.00,2005-09-27,2005-10-03,1
20050920,06113,Yolo County,CA,100.00,0.00,0.00,0.00,0.00,0.00,2005-09-20,2005-09-26,1
20050913,06113,Yolo County,CA,100.00,0.00,0.00,0.00,0.00,0.00,2005-09-13,2005-09-19,1
20050906,06113,Yolo County,CA,100.00,0.00,0.00,0.00,0.00,0.00,2005-09-06,2005-09-12,1
20050830,06113,Yolo County,CA,100.00,0.00,0.00,0.00,0.00,0.00,2005-08-30,2005-09-05,1
20050823,06113,Yolo County,CA,100.00,0.00,0.00,0.00,0.00,0.00,2005-08-23,2005-08-29,1
20050816,06113,Yolo County,CA,100.00,0.00,0.00,0.00,0.00,0.00,2005-08-16,2005-08-22,1
20050809,06113,Yolo County,CA,100.00,0.00,0.00,0.00,0.00,0.00,2005-08-09,2005-08-15,1
20050802,06113,Yolo County,CA,100.00,0.00,0.00,0.00,0.00,0.00,2005-08-02,2005-08-08,1
20050726,06113,Yolo County,CA,100.00,0.00,0.00,0.00,0.00,0.00,2005-07-26,2005-08-01,1
20050719,06113,Yolo County,CA,100.00,0.00,0.00,0.00,0.00,0.00,2005-07-19,2005-07-25,1
20050712,06113,Yolo County,CA,100.00,0.00,0.00,0.00,0.00,0.00,2005-07-12,2005-07-18,1
20050705,06113,Yolo County,CA,100.00,0.00,0.00,0.00,0.00,0.00,2005-07-05,2005-07-11,1
20050628,06113,Yolo County,CA,100.00,0.00,0.00,0.00,0.00,0.00,2005-06-28,2005-07-04,1
20050621,06113,Yolo County,CA,100.00,0.00,0.00,0.00,0.00,0.00,2005-06-21,2005-06-27,1
20050614,06113,Yolo County,CA,100.00,0.00,0.00,0.00,0.00,0.00,2005-06-14,2005-06-20,1
20050607,06113,Yolo County,CA,100.00,0.00,0.00,0.00,0.00,0.00,2005-06-07,2005-06-13,1
20050531,06113,Yolo County,CA,100.00,0.00,0.00,0.00,0.00,0.00,2005-05-31,2005-06-06,1
20050524,06113,Yolo County,CA,100.00,0.00,0.00,0.00,0.00,0.00,2005-05-24,2005-05-30,1
20050517,06113,Yolo County,CA,100.00,0.00,0.00,0.00,0.00,0.00,2005-05-17,2005-05-23,1
20050510,06113,Yolo County,CA,100.00,0.00,0.00,0.00,0.00,0.00,2005-05-10,2005-05-16,1
20050503,06113,Yolo County,CA,100.00,0.00,0.00,0.00,0.00,0.00,2005-05-03,2005-05-09,1
20050426,06113,Yolo County,CA,100.00,0.00,0.00,0.00,0.00,0.00,2005-04-26,2005-05-02,1
20050419,06113,Yolo County,CA,100.00,0.00,0.00,0.00,0.00,0.00,2005-04-19,2005-04-25,1
20050412,06113,Yolo County,CA,100.00,0.00,0.00,0.00,0.00,0.00,2005-04-12,2005-04-18,1
20050405,06113,Yolo County,CA,100.00,0.00,0.00,0.00,0.00,0.00,2005-04-05,2005-04-11,1
20050329,06113,Yolo County,CA,100.00,0.00,0.00,0.00,0.00,0.00,2005-03-29,2005-04-04,1
20050322,06113,Yolo County,CA,100.00,0.00,0.00,0.00,0.00,0.00,2005-03-22,2005-03-28,1
20050315,06113,Yolo County,CA,100.00,0.00,0.00,0.00,0.00,0.00,2005-03-15,2005-03-21,1
20050308,06113,Yolo County,CA,100.00,0.00,0.00,0.00,0.00,0.00,2005-03-08,2005-03-14,1
20050301,06113,Yolo County,CA,100.00,0.00,0.00,0.00,0.00,0.00,2005-03-01,2005-03-07,1
20050222,06113,Yolo County,CA,100.00,0.00,0.00,0.00,0.00,0.00,2005-02-22,2005-02-28,1
20050215,06113,Yolo County,CA,100.00,0.00,0.00,0.00,0.00,0.00,2005-02-15,2005-02-21,1
20050208,06113,Yolo County,CA,100.00,0.00,0.00,0.00,0.00,0.00,2005-02-08,2005-02-14,1
20050201,06113,Yolo County,CA,100.00,0.00,0.00,0.00,0.00,0.00,2005-02-01,2005-02-07,1
20050125,06113,Yolo County,CA,100.00,0.00,0.00,0.00,0.00,0.00,2005-01-25,2005-01-31,1
20050118,06113,Yolo County,CA,100.00,0.00,0.00,0.00,0.00,0.00,2005-01-18,2005-01-24,1
20050111,06113,Yolo County,CA,100.00,0.00,0.00,0.00,0.00,0.00,2005-01-11,2005-01-17,1
20050104,06113,Yolo County,CA,100.00,0.00,0.00,0.00,0.00,0.00,2005-01-04,2005-01-10,1
20041228,06113,Yolo County,CA,93.45,6.55,0.00,0.00,0.00,0.00,2004-12-28,2005-01-03,1
20041221,06113,Yolo County,CA,100.00,0.00,0.00,0.00,0.00,0.00,2004-12-21,2004-12-27,1
20041214,06113,Yolo County,CA,100.00,0.00,0.00,0.00,0.00,0.00,2004-12-14,2004-12-20,1
20041207,06113,Yolo County,CA,100.00,0.00,0.00,0.00,0.00,0.00,2004-12-07,2004-12-13,1
20041130,06113,Yolo County,CA,100.00,0.00,0.00,0.00,0.00,0.00,2004-11-30,2004-12-06,1
20041123,06113,Yolo County,CA,99.25,0.75,0.00,0.00,0.00,0.00,2004-11-23,2004-11-29,1
20041116,06113,Yolo County,CA,99.25,0.75,0.00,0.00,0.00,0.00,2004-11-16,2004-11-22,1
20041109,06113,Yolo County,CA,14.48,85.52,0.00,0.00,0.00,0.00,2004-11-09,2004-11-15,1
20041102,06113,Yolo County,CA,14.48,85.52,0.00,0.00,0.00,0.00,2004-11-02,2004-11-08,1
20041026,06113,Yolo County,CA,13.68,86.32,0.00,0.00,0.00,0.00,2004-10-26,2004-11-01,1
20041019,06113,Yolo County,CA,0.00,100.00,0.00,0.00,0.00,0.00,2004-10-19,2004-10-25,1
20041012,06113,Yolo County,CA,0.00,100.00,0.00,0.00,0.00,0.00,2004-10-12,2004-10-18,1
20041005,06113,Yolo County,CA,0.00,100.00,0.00,0.00,0.00,0.00,2004-10-05,2004-10-11,1
20040928,06113,Yolo County,CA,0.00,100.00,0.00,0.00,0.00,0.00,2004-09-28,2004-10-04,1
20040921,06113,Yolo County,CA,0.00,100.00,0.00,0.00,0.00,0.00,2004-09-21,2004-09-27,1
20040914,06113,Yolo County,CA,0.00,100.00,0.00,0.00,0.00,0.00,2004-09-14,2004-09-20,1
20040907,06113,Yolo County,CA,0.00,100.00,0.00,0.00,0.00,0.00,2004-09-07,2004-09-13,1
20040831,06113,Yolo County,CA,0.00,100.00,0.00,0.00,0.00,0.00,2004-08-31,2004-09-06,1
20040824,06113,Yolo County,CA,0.00,100.00,0.00,0.00,0.00,0.00,2004-08-24,2004-08-30,1
20040817,06113,Yolo County,CA,0.00,100.00,0.00,0.00,0.00,0.00,2004-08-17,2004-08-23,1
20040810,06113,Yolo County,CA,0.00,100.00,0.00,0.00,0.00,0.00,2004-08-10,2004-08-16,1
20040803,06113,Yolo County,CA,30.68,69.32,0.00,0.00,0.00,0.00,2004-08-03,2004-08-09,1
20040727,06113,Yolo County,CA,19.83,80.17,0.00,0.00,0.00,0.00,2004-07-27,2004-08-02,1
20040720,06113,Yolo County,CA,19.83,80.17,0.00,0.00,0.00,0.00,2004-07-20,2004-07-26,1
20040713,06113,Yolo County,CA,19.83,80.17,0.00,0.00,0.00,0.00,2004-07-13,2004-07-19,1
20040706,06113,Yolo County,CA,19.83,80.17,0.00,0.00,0.00,0.00,2004-07-06,2004-07-12,1
20040629,06113,Yolo County,CA,17.21,82.79,0.00,0.00,0.00,0.00,2004-06-29,2004-07-05,1
20040622,06113,Yolo County,CA,22.65,77.35,0.00,0.00,0.00,0.00,2004-06-22,2004-06-28,1
20040615,06113,Yolo County,CA,18.75,81.25,0.00,0.00,0.00,0.00,2004-06-15,2004-06-21,1
20040608,06113,Yolo County,CA,18.75,81.25,0.00,0.00,0.00,0.00,2004-06-08,2004-06-14,1
20040601,06113,Yolo County,CA,36.47,63.53,0.00,0.00,0.00,0.00,2004-06-01,2004-06-07,1
20040525,06113,Yolo County,CA,8.96,91.04,0.00,0.00,0.00,0.00,2004-05-25,2004-05-31,1
20040518,06113,Yolo County,CA,14.09,85.91,0.00,0.00,0.00,0.00,2004-05-18,2004-05-24,1
20040511,06113,Yolo County,CA,14.09,85.91,0.00,0.00,0.00,0.00,2004-05-11,2004-05-17,1
20040504,06113,Yolo County,CA,10.48,89.52,0.00,0.00,0.00,0.00,2004-05-04,2004-05-10,1
20040427,06113,Yolo County,CA,100.00,0.00,0.00,0.00,0.00,0.00,2004-04-27,2004-05-03,1
20040420,06113,Yolo County,CA,100.00,0.00,0.00,0.00,0.00,0.00,2004-04-20,2004-04-26,1
20040413,06113,Yolo County,CA,100.00,0.00,0.00,0.00,0.00,0.00,2004-04-13,2004-04-19,1
20040406,06113,Yolo County,CA,100.00,0.00,0.00,0.00,0.00,0.00,2004-04-06,2004-04-12,1
20040330,06113,Yolo County,CA,100.00,0.00,0.00,0.00,0.00,0.00,2004-03-30,2004-04-05,1
20040323,06113,Yolo County,CA,100.00,0.00,0.00,0.00,0.00,0.00,2004-03-23,2004-03-29,1
20040316,06113,Yolo County,CA,100.00,0.00,0.00,0.00,0.00,0.00,2004-03-16,2004-03-22,1
20040309,06113,Yolo County,CA,100.00,0.00,0.00,0.00,0.00,0.00,2004-03-09,2004-03-15,1
20040302,06113,Yolo County,CA,100.00,0.00,0.00,0.00,0.00,0.00,2004-03-02,2004-03-08,1
20040224,06113,Yolo County,CA,100.00,0.00,0.00,0.00,0.00,0.00,2004-02-24,2004-03-01,1
20040217,06113,Yolo County,CA,100.00,0.00,0.00,0.00,0.00,0.00,2004-02-17,2004-02-23,1
20040210,06113,Yolo County,CA,100.00,0.00,0.00,0.00,0.00,0.00,2004-02-10,2004-02-16,1
20040203,06113,Yolo County,CA,100.00,0.00,0.00,0.00,0.00,0.00,2004-02-03,2004-02-09,1
20040127,06113,Yolo County,CA,100.00,0.00,0.00,0.00,0.00,0.00,2004-01-27,2004-02-02,1
20040120,06113,Yolo County,CA,100.00,0.00,0.00,0.00,0.00,0.00,2004-01-20,2004-01-26,1
20040113,06113,Yolo County,CA,100.00,0.00,0.00,0.00,0.00,0.00,2004-01-13,2004-01-19,1
20040106,06113,Yolo County,CA,100.00,0.00,0.00,0.00,0.00,0.00,2004-01-06,2004-01-12,1
20031230,06113,Yolo County,CA,100.00,0.00,0.00,0.00,0.00,0.00,2003-12-30,2004-01-05,1
20031223,06113,Yolo County,CA,100.00,0.00,0.00,0.00,0.00,0.00,2003-12-23,2003-12-29,1
20031216,06113,Yolo County,CA,100.00,0.00,0.00,0.00,0.00,0.00,2003-12-16,2003-12-22,1
20031209,06113,Yolo County,CA,100.00,0.00,0.00,0.00,0.00,0.00,2003-12-09,2003-12-15,1
20031202,06113,Yolo County,CA,100.00,0.00,0.00,0.00,0.00,0.00,2003-12-02,2003-12-08,1
20031125,06113,Yolo County,CA,100.00,0.00,0.00,0.00,0.00,0.00,2003-11-25,2003-12-01,1
20031118,06113,Yolo County,CA,100.00,0.00,0.00,0.00,0.00,0.00,2003-11-18,2003-11-24,1
20031111,06113,Yolo County,CA,100.00,0.00,0.00,0.00,0.00,0.00,2003-11-11,2003-11-17,1
20031104,06113,Yolo County,CA,100.00,0.00,0.00,0.00,0.00,0.00,2003-11-04,2003-11-10,1
20031028,06113,Yolo County,CA,0.00,100.00,0.00,0.00,0.00,0.00,2003-10-28,2003-11-03,1
20031021,06113,Yolo County,CA,100.00,0.00,0.00,0.00,0.00,0.00,2003-10-21,2003-10-27,1
20031014,06113,Yolo County,CA,100.00,0.00,0.00,0.00,0.00,0.00,2003-10-14,2003-10-20,1
20031007,06113,Yolo County,CA,100.00,0.00,0.00,0.00,0.00,0.00,2003-10-07,2003-10-13,1
20030930,06113,Yolo County,CA,100.00,0.00,0.00,0.00,0.00,0.00,2003-09-30,2003-10-06,1
20030923,06113,Yolo County,CA,100.00,0.00,0.00,0.00,0.00,0.00,2003-09-23,2003-09-29,1
20030916,06113,Yolo County,CA,100.00,0.00,0.00,0.00,0.00,0.00,2003-09-16,2003-09-22,1
20030909,06113,Yolo County,CA,100.00,0.00,0.00,0.00,0.00,0.00,2003-09-09,2003-09-15,1
20030902,06113,Yolo County,CA,100.00,0.00,0.00,0.00,0.00,0.00,2003-09-02,2003-09-08,1
20030826,06113,Yolo County,CA,100.00,0.00,0.00,0.00,0.00,0.00,2003-08-26,2003-09-01,1
20030819,06113,Yolo County,CA,100.00,0.00,0.00,0.00,0.00,0.00,2003-08-19,2003-08-25,1
20030812,06113,Yolo County,CA,100.00,0.00,0.00,0.00,0.00,0.00,2003-08-12,2003-08-18,1
20030805,06113,Yolo County,CA,100.00,0.00,0.00,0.00,0.00,0.00,2003-08-05,2003-08-11,1
20030729,06113,Yolo County,CA,100.00,0.00,0.00,0.00,0.00,0.00,2003-07-29,2003-08-04,1
20030722,06113,Yolo County,CA,100.00,0.00,0.00,0.00,0.00,0.00,2003-07-22,2003-07-28,1
20030715,06113,Yolo County,CA,100.00,0.00,0.00,0.00,0.00,0.00,2003-07-15,2003-07-21,1
20030708,06113,Yolo County,CA,100.00,0.00,0.00,0.00,0.00,0.00,2003-07-08,2003-07-14,1
20030701,06113,Yolo County,CA,100.00,0.00,0.00,0.00,0.00,0.00,2003-07-01,2003-07-07,1
20030624,06113,Yolo County,CA,100.00,0.00,0.00,0.00,0.00,0.00,2003-06-24,2003-06-30,1
20030617,06113,Yolo County,CA,100.00,0.00,0.00,0.00,0.00,0.00,2003-06-17,2003-06-23,1
20030610,06113,Yolo County,CA,100.00,0.00,0.00,0.00,0.00,0.00,2003-06-10,2003-06-16,1
20030603,06113,Yolo County,CA,100.00,0.00,0.00,0.00,0.00,0.00,2003-06-03,2003-06-09,1
20030527,06113,Yolo County,CA,100.00,0.00,0.00,0.00,0.00,0.00,2003-05-27,2003-06-02,1
20030520,06113,Yolo County,CA,100.00,0.00,0.00,0.00,0.00,0.00,2003-05-20,2003-05-26,1
20030513,06113,Yolo County,CA,100.00,0.00,0.00,0.00,0.00,0.00,2003-05-13,2003-05-19,1
20030506,06113,Yolo County,CA,100.00,0.00,0.00,0.00,0.00,0.00,2003-05-06,2003-05-12,1
20030429,06113,Yolo County,CA,100.00,0.00,0.00,0.00,0.00,0.00,2003-04-29,2003-05-05,1
20030422,06113,Yolo County,CA,100.00,0.00,0.00,0.00,0.00,0.00,2003-04-22,2003-04-28,1
20030415,06113,Yolo County,CA,100.00,0.00,0.00,0.00,0.00,0.00,2003-04-15,2003-04-21,1
20030408,06113,Yolo County,CA,100.00,0.00,0.00,0.00,0.00,0.00,2003-04-08,2003-04-14,1
20030401,06113,Yolo County,CA,100.00,0.00,0.00,0.00,0.00,0.00,2003-04-01,2003-04-07,1
20030325,06113,Yolo County,CA,100.00,0.00,0.00,0.00,0.00,0.00,2003-03-25,2003-03-31,1
20030318,06113,Yolo County,CA,100.00,0.00,0.00,0.00,0.00,0.00,2003-03-18,2003-03-24,1
20030311,06113,Yolo County,CA,100.00,0.00,0.00,0.00,0.00,0.00,2003-03-11,2003-03-17,1
20030304,06113,Yolo County,CA,100.00,0.00,0.00,0.00,0.00,0.00,2003-03-04,2003-03-10,1
20030225,06113,Yolo County,CA,100.00,0.00,0.00,0.00,0.00,0.00,2003-02-25,2003-03-03,1
20030218,06113,Yolo County,CA,100.00,0.00,0.00,0.00,0.00,0.00,2003-02-18,2003-02-24,1
20030211,06113,Yolo County,CA,100.00,0.00,0.00,0.00,0.00,0.00,2003-02-11,2003-02-17,1
20030204,06113,Yolo County,CA,100.00,0.00,0.00,0.00,0.00,0.00,2003-02-04,2003-02-10,1
20030128,06113,Yolo County,CA,100.00,0.00,0.00,0.00,0.00,0.00,2003-01-28,2003-02-03,1
20030121,06113,Yolo County,CA,100.00,0.00,0.00,0.00,0.00,0.00,2003-01-21,2003-01-27,1
20030114,06113,Yolo County,CA,100.00,0.00,0.00,0.00,0.00,0.00,2003-01-14,2003-01-20,1
20030107,06113,Yolo County,CA,100.00,0.00,0.00,0.00,0.00,0.00,2003-01-07,2003-01-13,1
20021231,06113,Yolo County,CA,100.00,0.00,0.00,0.00,0.00,0.00,2002-12-31,2003-01-06,1
20021224,06113,Yolo County,CA,100.00,0.00,0.00,0.00,0.00,0.00,2002-12-24,2002-12-30,1
20021217,06113,Yolo County,CA,100.00,0.00,0.00,0.00,0.00,0.00,2002-12-17,2002-12-23,1
20021210,06113,Yolo County,CA,0.00,100.00,0.00,0.00,0.00,0.00,2002-12-10,2002-12-16,1
20021203,06113,Yolo County,CA,0.00,100.00,0.00,0.00,0.00,0.00,2002-12-03,2002-12-09,1
20021126,06113,Yolo County,CA,0.00,100.00,0.00,0.00,0.00,0.00,2002-11-26,2002-12-02,1
20021119,06113,Yolo County,CA,0.00,100.00,0.00,0.00,0.00,0.00,2002-11-19,2002-11-25,1
20021112,06113,Yolo County,CA,0.00,100.00,0.00,0.00,0.00,0.00,2002-11-12,2002-11-18,1
20021105,06113,Yolo County,CA,0.00,100.00,61.57,0.00,0.00,0.00,2002-11-05,2002-11-11,1
20021029,06113,Yolo County,CA,0.00,100.00,50.00,0.00,0.00,0.00,2002-10-29,2002-11-04,1
20021022,06113,Yolo County,CA,0.00,100.00,13.69,0.00,0.00,0.00,2002-10-22,2002-10-28,1
20021015,06113,Yolo County,CA,0.00,100.00,11.81,0.00,0.00,0.00,2002-10-15,2002-10-21,1
20021008,06113,Yolo County,CA,0.00,100.00,10.32,0.00,0.00,0.00,2002-10-08,2002-10-14,1
20021001,06113,Yolo County,CA,0.00,100.00,0.00,0.00,0.00,0.00,2002-10-01,2002-10-07,1
20020924,06113,Yolo County,CA,0.00,100.00,0.00,0.00,0.00,0.00,2002-09-24,2002-09-30,1
20020917,06113,Yolo County,CA,0.00,100.00,0.00,0.00,0.00,0.00,2002-09-17,2002-09-23,1
20020910,06113,Yolo County,CA,0.00,100.00,0.00,0.00,0.00,0.00,2002-09-10,2002-09-16,1
20020903,06113,Yolo County,CA,0.00,100.00,0.00,0.00,0.00,0.00,2002-09-03,2002-09-09,1
20020827,06113,Yolo County,CA,0.00,100.00,0.00,0.00,0.00,0.00,2002-08-27,2002-09-02,1
20020820,06113,Yolo County,CA,0.00,100.00,0.00,0.00,0.00,0.00,2002-08-20,2002-08-26,1
20020813,06113,Yolo County,CA,0.00,100.00,0.00,0.00,0.00,0.00,2002-08-13,2002-08-19,1
20020806,06113,Yolo County,CA,0.00,100.00,0.00,0.00,0.00,0.00,2002-08-06,2002-08-12,1
20020730,06113,Yolo County,CA,0.00,100.00,0.00,0.00,0.00,0.00,2002-07-30,2002-08-05,1
20020723,06113,Yolo County,CA,0.00,100.00,0.00,0.00,0.00,0.00,2002-07-23,2002-07-29,1
20020716,06113,Yolo County,CA,0.00,100.00,0.00,0.00,0.00,0.00,2002-07-16,2002-07-22,1
20020709,06113,Yolo County,CA,0.00,100.00,0.00,0.00,0.00,0.00,2002-07-09,2002-07-15,1
20020702,06113,Yolo County,CA,0.00,100.00,0.00,0.00,0.00,0.00,2002-07-02,2002-07-08,1
20020625,06113,Yolo County,CA,0.00,100.00,0.00,0.00,0.00,0.00,2002-06-25,2002-07-01,1
20020618,06113,Yolo County,CA,0.00,100.00,0.00,0.00,0.00,0.00,2002-06-18,2002-06-24,1
20020611,06113,Yolo County,CA,0.00,100.00,0.00,0.00,0.00,0.00,2002-06-11,2002-06-17,1
20020604,06113,Yolo County,CA,0.00,100.00,0.00,0.00,0.00,0.00,2002-06-04,2002-06-10,1
20020528,06113,Yolo County,CA,0.00,100.00,0.00,0.00,0.00,0.00,2002-05-28,2002-06-03,1
20020521,06113,Yolo County,CA,100.00,0.00,0.00,0.00,0.00,0.00,2002-05-21,2002-05-27,1
20020514,06113,Yolo County,CA,100.00,0.00,0.00,0.00,0.00,0.00,2002-05-14,2002-05-20,1
20020507,06113,Yolo County,CA,100.00,0.00,0.00,0.00,0.00,0.00,2002-05-07,2002-05-13,1
20020430,06113,Yolo County,CA,100.00,0.00,0.00,0.00,0.00,0.00,2002-04-30,2002-05-06,1
20020423,06113,Yolo County,CA,100.00,0.00,0.00,0.00,0.00,0.00,2002-04-23,2002-04-29,1
20020416,06113,Yolo County,CA,100.00,0.00,0.00,0.00,0.00,0.00,2002-04-16,2002-04-22,1
20020409,06113,Yolo County,CA,100.00,0.00,0.00,0.00,0.00,0.00,2002-04-09,2002-04-15,1
20020402,06113,Yolo County,CA,100.00,0.00,0.00,0.00,0.00,0.00,2002-04-02,2002-04-08,1
20020326,06113,Yolo County,CA,100.00,0.00,0.00,0.00,0.00,0.00,2002-03-26,2002-04-01,1
20020319,06113,Yolo County,CA,100.00,0.00,0.00,0.00,0.00,0.00,2002-03-19,2002-03-25,1
20020312,06113,Yolo County,CA,100.00,0.00,0.00,0.00,0.00,0.00,2002-03-12,2002-03-18,1
20020305,06113,Yolo County,CA,100.00,0.00,0.00,0.00,0.00,0.00,2002-03-05,2002-03-11,1
20020226,06113,Yolo County,CA,100.00,0.00,0.00,0.00,0.00,0.00,2002-02-26,2002-03-04,1
20020219,06113,Yolo County,CA,100.00,0.00,0.00,0.00,0.00,0.00,2002-02-19,2002-02-25,1
20020212,06113,Yolo County,CA,100.00,0.00,0.00,0.00,0.00,0.00,2002-02-12,2002-02-18,1
20020205,06113,Yolo County,CA,100.00,0.00,0.00,0.00,0.00,0.00,2002-02-05,2002-02-11,1
20020129,06113,Yolo County,CA,100.00,0.00,0.00,0.00,0.00,0.00,2002-01-29,2002-02-04,1
20020122,06113,Yolo County,CA,100.00,0.00,0.00,0.00,0.00,0.00,2002-01-22,2002-01-28,1
20020115,06113,Yolo County,CA,100.00,0.00,0.00,0.00,0.00,0.00,2002-01-15,2002-01-21,1
20020108,06113,Yolo County,CA,100.00,0.00,0.00,0.00,0.00,0.00,2002-01-08,2002-01-14,1
20020101,06113,Yolo County,CA,100.00,0.00,0.00,0.00,0.00,0.00,2002-01-01,2002-01-07,1
20011225,06113,Yolo County,CA,97.21,2.79,0.00,0.00,0.00,0.00,2001-12-25,2001-12-31,1
20011218,06113,Yolo County,CA,0.00,100.00,0.00,0.00,0.00,0.00,2001-12-18,2001-12-24,1
20011211,06113,Yolo County,CA,0.00,100.00,0.00,0.00,0.00,0.00,2001-12-11,2001-12-17,1
20011204,06113,Yolo County,CA,0.00,100.00,0.00,0.00,0.00,0.00,2001-12-04,2001-12-10,1
20011127,06113,Yolo County,CA,0.00,100.00,100.00,0.00,0.00,0.00,2001-11-27,2001-12-03,1
20011120,06113,Yolo County,CA,0.00,100.00,100.00,0.00,0.00,0.00,2001-11-20,2001-11-26,1
20011113,06113,Yolo County,CA,0.00,100.00,100.00,0.00,0.00,0.00,2001-11-13,2001-11-19,1
20011106,06113,Yolo County,CA,0.00,100.00,100.00,0.00,0.00,0.00,2001-11-06,2001-11-12,1
20011030,06113,Yolo County,CA,0.00,100.00,100.00,0.00,0.00,0.00,2001-10-30,2001-11-05,1
20011023,06113,Yolo County,CA,0.00,100.00,100.00,0.00,0.00,0.00,2001-10-23,2001-10-29,1
20011016,06113,Yolo County,CA,0.00,100.00,100.00,0.00,0.00,0.00,2001-10-16,2001-10-22,1
20011009,06113,Yolo County,CA,0.00,100.00,100.00,0.00,0.00,0.00,2001-10-09,2001-10-15,1
20011002,06113,Yolo County,CA,0.00,100.00,100.00,0.00,0.00,0.00,2001-10-02,2001-10-08,1
20010925,06113,Yolo County,CA,0.00,100.00,100.00,0.00,0.00,0.00,2001-09-25,2001-10-01,1
20010918,06113,Yolo County,CA,0.00,100.00,100.00,0.00,0.00,0.00,2001-09-18,2001-09-24,1
20010911,06113,Yolo County,CA,0.00,100.00,100.00,0.00,0.00,0.00,2001-09-11,2001-09-17,1
20010904,06113,Yolo County,CA,0.00,100.00,0.00,0.00,0.00,0.00,2001-09-04,2001-09-10,1
20010828,06113,Yolo County,CA,0.00,100.00,0.00,0.00,0.00,0.00,2001-08-28,2001-09-03,1
20010821,06113,Yolo County,CA,0.00,100.00,0.00,0.00,0.00,0.00,2001-08-21,2001-08-27,1
20010814,06113,Yolo County,CA,0.00,100.00,0.00,0.00,0.00,0.00,2001-08-14,2001-08-20,1
20010807,06113,Yolo County,CA,0.00,100.00,0.00,0.00,0.00,0.00,2001-08-07,2001-08-13,1
20010731,06113,Yolo County,CA,0.00,100.00,0.00,0.00,0.00,0.00,2001-07-31,2001-08-06,1
20010724,06113,Yolo County,CA,0.00,100.00,0.00,0.00,0.00,0.00,2001-07-24,2001-07-30,1
20010717,06113,Yolo County,CA,0.00,100.00,0.00,0.00,0.00,0.00,2001-07-17,2001-07-23,1
20010710,06113,Yolo County,CA,0.00,100.00,0.00,0.00,0.00,0.00,2001-07-10,2001-07-16,1
20010703,06113,Yolo County,CA,0.00,100.00,0.00,0.00,0.00,0.00,2001-07-03,2001-07-09,1
20010626,06113,Yolo County,CA,0.00,100.00,0.00,0.00,0.00,0.00,2001-06-26,2001-07-02,1
20010619,06113,Yolo County,CA,0.00,100.00,0.00,0.00,0.00,0.00,2001-06-19,2001-06-25,1
20010612,06113,Yolo County,CA,0.00,100.00,0.00,0.00,0.00,0.00,2001-06-12,2001-06-18,1
20010605,06113,Yolo County,CA,0.00,100.00,0.00,0.00,0.00,0.00,2001-06-05,2001-06-11,1
20010529,06113,Yolo County,CA,100.00,0.00,0.00,0.00,0.00,0.00,2001-05-29,2001-06-04,1
20010522,06113,Yolo County,CA,100.00,0.00,0.00,0.00,0.00,0.00,2001-05-22,2001-05-28,1
20010515,06113,Yolo County,CA,100.00,0.00,0.00,0.00,0.00,0.00,2001-05-15,2001-05-21,1
20010508,06113,Yolo County,CA,100.00,0.00,0.00,0.00,0.00,0.00,2001-05-08,2001-05-14,1
20010501,06113,Yolo County,CA,100.00,0.00,0.00,0.00,0.00,0.00,2001-05-01,2001-05-07,1
20010424,06113,Yolo County,CA,100.00,0.00,0.00,0.00,0.00,0.00,2001-04-24,2001-04-30,1
20010417,06113,Yolo County,CA,100.00,0.00,0.00,0.00,0.00,0.00,2001-04-17,2001-04-23,1
20010410,06113,Yolo County,CA,100.00,0.00,0.00,0.00,0.00,0.00,2001-04-10,2001-04-16,1
20010403,06113,Yolo County,CA,100.00,0.00,0.00,0.00,0.00,0.00,2001-04-03,2001-04-09,1
20010327,06113,Yolo County,CA,100.00,0.00,0.00,0.00,0.00,0.00,2001-03-27,2001-04-02,1
20010320,06113,Yolo County,CA,100.00,0.00,0.00,0.00,0.00,0.00,2001-03-20,2001-03-26,1
20010313,06113,Yolo County,CA,100.00,0.00,0.00,0.00,0.00,0.00,2001-03-13,2001-03-19,1
20010306,06113,Yolo County,CA,100.00,0.00,0.00,0.00,0.00,0.00,2001-03-06,2001-03-12,1
20010227,06113,Yolo County,CA,100.00,0.00,0.00,0.00,0.00,0.00,2001-02-27,2001-03-05,1
20010220,06113,Yolo County,CA,100.00,0.00,0.00,0.00,0.00,0.00,2001-02-20,2001-02-26,1
20010213,06113,Yolo County,CA,100.00,0.00,0.00,0.00,0.00,0.00,2001-02-13,2001-02-19,1
20010206,06113,Yolo County,CA,100.00,0.00,0.00,0.00,0.00,0.00,2001-02-06,2001-02-12,1
20010130,06113,Yolo County,CA,100.00,0.00,0.00,0.00,0.00,0.00,2001-01-30,2001-02-05,1
20010123,06113,Yolo County,CA,100.00,0.00,0.00,0.00,0.00,0.00,2001-01-23,2001-01-29,1
20010116,06113,Yolo County,CA,100.00,0.00,0.00,0.00,0.00,0.00,2001-01-16,2001-01-22,1
20010109,06113,Yolo County,CA,100.00,0.00,0.00,0.00,0.00,0.00,2001-01-09,2001-01-15,1
20010102,06113,Yolo County,CA,100.00,0.00,0.00,0.00,0.00,0.00,2001-01-02,2001-01-08,1
20001226,06113,Yolo County,CA,100.00,0.00,0.00,0.00,0.00,0.00,2000-12-26,2001-01-01,1
20001219,06113,Yolo County,CA,100.00,0.00,0.00,0.00,0.00,0.00,2000-12-19,2000-12-25,1
20001212,06113,Yolo County,CA,100.00,0.00,0.00,0.00,0.00,0.00,2000-12-12,2000-12-18,1
20001205,06113,Yolo County,CA,100.00,0.00,0.00,0.00,0.00,0.00,2000-12-05,2000-12-11,1
20001128,06113,Yolo County,CA,100.00,0.00,0.00,0.00,0.00,0.00,2000-11-28,2000-12-04,1
20001121,06113,Yolo County,CA,100.00,0.00,0.00,0.00,0.00,0.00,2000-11-21,2000-11-27,1
20001114,06113,Yolo County,CA,100.00,0.00,0.00,0.00,0.00,0.00,2000-11-14,2000-11-20,1
20001107,06113,Yolo County,CA,100.00,0.00,0.00,0.00,0.00,0.00,2000-11-07,2000-11-13,1
20001031,06113,Yolo County,CA,100.00,0.00,0.00,0.00,0.00,0.00,2000-10-31,2000-11-06,1
20001024,06113,Yolo County,CA,100.00,0.00,0.00,0.00,0.00,0.00,2000-10-24,2000-10-30,1
20001017,06113,Yolo County,CA,100.00,0.00,0.00,0.00,0.00,0.00,2000-10-17,2000-10-23,1
20001010,06113,Yolo County,CA,100.00,0.00,0.00,0.00,0.00,0.00,2000-10-10,2000-10-16,1
20001003,06113,Yolo County,CA,100.00,0.00,0.00,0.00,0.00,0.00,2000-10-03,2000-10-09,1
20000926,06113,Yolo County,CA,100.00,0.00,0.00,0.00,0.00,0.00,2000-09-26,2000-10-02,1
20000919,06113,Yolo County,CA,100.00,0.00,0.00,0.00,0.00,0.00,2000-09-19,2000-09-25,1
20000912,06113,Yolo County,CA,100.00,0.00,0.00,0.00,0.00,0.00,2000-09-12,2000-09-18,1
20000905,06113,Yolo County,CA,100.00,0.00,0.00,0.00,0.00,0.00,2000-09-05,2000-09-11,1
20000829,06113,Yolo County,CA,100.00,0.00,0.00,0.00,0.00,0.00,2000-08-29,2000-09-04,1
20000822,06113,Yolo County,CA,100.00,0.00,0.00,0.00,0.00,0.00,2000-08-22,2000-08-28,1
20000815,06113,Yolo County,CA,100.00,0.00,0.00,0.00,0.00,0.00,2000-08-15,2000-08-21,1
20000808,06113,Yolo County,CA,100.00,0.00,0.00,0.00,0.00,0.00,2000-08-08,2000-08-14,1
20000801,06113,Yolo County,CA,100.00,0.00,0.00,0.00,0.00,0.00,2000-08-01,2000-08-07,1
20000725,06113,Yolo County,CA,100.00,0.00,0.00,0.00,0.00,0.00,2000-07-25,2000-07-31,1
20000718,06113,Yolo County,CA,100.00,0.00,0.00,0.00,0.00,0.00,2000-07-18,2000-07-24,1
20000711,06113,Yolo County,CA,100.00,0.00,0.00,0.00,0.00,0.00,2000-07-11,2000-07-17,1
20000704,06113,Yolo County,CA,100.00,0.00,0.00,0.00,0.00,0.00,2000-07-04,2000-07-10,1
20000627,06113,Yolo County,CA,100.00,0.00,0.00,0.00,0.00,0.00,2000-06-27,2000-07-03,1
20000620,06113,Yolo County,CA,100.00,0.00,0.00,0.00,0.00,0.00,2000-06-20,2000-06-26,1
20000613,06113,Yolo County,CA,100.00,0.00,0.00,0.00,0.00,0.00,2000-06-13,2000-06-19,1
20000606,06113,Yolo County,CA,100.00,0.00,0.00,0.00,0.00,0.00,2000-06-06,2000-06-12,1
20000530,06113,Yolo County,CA,100.00,0.00,0.00,0.00,0.00,0.00,2000-05-30,2000-06-05,1
20000523,06113,Yolo County,CA,100.00,0.00,0.00,0.00,0.00,0.00,2000-05-23,2000-05-29,1
20000516,06113,Yolo County,CA,100.00,0.00,0.00,0.00,0.00,0.00,2000-05-16,2000-05-22,1
20000509,06113,Yolo County,CA,100.00,0.00,0.00,0.00,0.00,0.00,2000-05-09,2000-05-15,1
20000502,06113,Yolo County,CA,100.00,0.00,0.00,0.00,0.00,0.00,2000-05-02,2000-05-08,1
20000425,06113,Yolo County,CA,100.00,0.00,0.00,0.00,0.00,0.00,2000-04-25,2000-05-01,1
20000418,06113,Yolo County,CA,100.00,0.00,0.00,0.00,0.00,0.00,2000-04-18,2000-04-24,1
20000411,06113,Yolo County,CA,100.00,0.00,0.00,0.00,0.00,0.00,2000-04-11,2000-04-17,1
20000404,06113,Yolo County,CA,100.00,0.00,0.00,0.00,0.00,0.00,2000-04-04,2000-04-10,1
20000328,06113,Yolo County,CA,100.00,0.00,0.00,0.00,0.00,0.00,2000-03-28,2000-04-03,1
20000321,06113,Yolo County,CA,100.00,0.00,0.00,0.00,0.00,0.00,2000-03-21,2000-03-27,1
20000314,06113,Yolo County,CA,100.00,0.00,0.00,0.00,0.00,0.00,2000-03-14,2000-03-20,1
20000307,06113,Yolo County,CA,100.00,0.00,0.00,0.00,0.00,0.00,2000-03-07,2000-03-13,1
20000229,06113,Yolo County,CA,100.00,0.00,0.00,0.00,0.00,0.00,2000-02-29,2000-03-06,1
20000222,06113,Yolo County,CA,100.00,0.00,0.00,0.00,0.00,0.00,2000-02-22,2000-02-28,1
20000215,06113,Yolo County,CA,100.00,0.00,0.00,0.00,0.00,0.00,2000-02-15,2000-02-21,1
20000208,06113,Yolo County,CA,100.00,0.00,0.00,0.00,0.00,0.00,2000-02-08,2000-02-14,1
20000201,06113,Yolo County,CA,100.00,0.00,0.00,0.00,0.00,0.00,2000-02-01,2000-02-07,1
20000125,06113,Yolo County,CA,100.00,0.00,0.00,0.00,0.00,0.00,2000-01-25,2000-01-31,1
20000118,06113,Yolo County,CA,48.78,51.22,0.00,0.00,0.00,0.00,2000-01-18,2000-01-24,1
20000111,06113,Yolo County,CA,0.00,100.00,0.00,0.00,0.00,0.00,2000-01-11,2000-01-17,1
20000104,06113,Yolo County,CA,0.00,100.00,0.00,0.00,0.00,0.00,2000-01-04,2000-01-10,1
